event_id,event_type,affected_supplier_id,affected_region,detected_date,severity,predicted_delay_days,source,description
EVT001,port_strike,SUP007,"Shenzhen, CN",2026-09-25,0.82,6,news_feed,Port strike at Shenzhen halts container loading for 6 days. 40+ vessels queued.
EVT002,factory_fire,SUP001,"Hsinchu, TW",2026-09-24,0.91,14,news_feed,Major fire at Delta Chips fab. Production halted; recovery estimated at 2 weeks.
EVT003,weather,SUP011,"Hamburg, DE",2026-09-25,0.62,3,weather_service,Severe North Sea storm. Port of Hamburg at 40% capacity for 3 days.
EVT004,customs_delay,SUP013,"Chennai, IN",2026-09-23,0.55,5,customs_alert,Customs backlog at Chennai port. Average clearance time up from 2 to 7 days.
EVT005,labor_dispute,SUP007,"Shenzhen, CN",2026-09-25,0.71,8,news_feed,Truck drivers at Shenzhen logistics hub strike. Inland transport frozen.
EVT006,raw_material_shortage,SUP004,"Perth, AU",2026-09-22,0.68,10,supplier_api,Lithium ore shortage in Western Australia. Downstream Tier-1 suppliers impacted.
EVT007,geopolitical,SUP007,"Rotterdam, NL",2026-09-26,0.78,12,news_feed,Trade sanctions announced. All shipments from this region require re-routing.
EVT0101,logistics_failure,SUP136,"Mumbai, IN",2026-09-18,0.831,7,weather_service,"Labor Dispute reported near Mumbai, IN affecting Alpha Materials."
EVT0102,port_strike,SUP148,"Bangkok, TH",2026-09-21,0.549,9,weather_service,"Factory Fire reported near Bangkok, TH affecting Beta Electronics."
EVT0103,labor_dispute,SUP037,"Hamburg, DE",2026-09-26,0.255,1,customs_alert,"Logistics Failure reported near Hamburg, DE affecting Helios Industries."
EVT0104,port_strike,SUP096,"Shanghai, CN",2026-09-06,0.236,1,news_feed,"Raw Material Shortage reported near Shanghai, CN affecting Prime Materials."
EVT0105,labor_dispute,SUP114,"Sao Paulo, BR",2026-09-23,0.546,3,news_feed,"Factory Fire reported near Sao Paulo, BR affecting Atlas Works."
EVT0106,geopolitical,SUP191,"Busan, KR",2026-09-08,0.678,6,customs_alert,"Port Strike reported near Busan, KR affecting Omega Materials."
EVT0107,logistics_failure,SUP195,"Perth, AU",2026-09-08,0.121,3,manual_entry,"Customs Delay reported near Perth, AU affecting Fusion Components."
EVT0108,raw_material_shortage,SUP109,"Guadalajara, MX",2026-08-27,0.286,4,manual_entry,"Logistics Failure reported near Guadalajara, MX affecting Delta Electronics."
EVT0109,weather,SUP022,"Chennai, IN",2026-08-30,0.526,5,news_feed,"Logistics Failure reported near Chennai, IN affecting Zenith Systems."
EVT0110,factory_fire,SUP072,"Penang, MY",2026-08-19,0.05,1,weather_service,"Factory Fire reported near Penang, MY affecting Omega Works."
EVT0111,weather,SUP114,"Sao Paulo, BR",2026-09-26,0.695,11,news_feed,"Customs Delay reported near Sao Paulo, BR affecting Atlas Works."
EVT0112,logistics_failure,SUP123,"Mumbai, IN",2026-08-27,0.415,3,customs_alert,"Weather reported near Mumbai, IN affecting Beta Components."
EVT0113,raw_material_shortage,SUP194,"Houston, US",2026-09-04,0.504,3,weather_service,"Labor Dispute reported near Houston, US affecting Titan Technologies."
EVT0114,geopolitical,SUP200,"Bangkok, TH",2026-09-01,0.598,7,customs_alert,"Raw Material Shortage reported near Bangkok, TH affecting Sigma Technologies."
EVT0115,port_strike,SUP165,"Houston, US",2026-08-27,0.631,3,weather_service,"Factory Fire reported near Houston, US affecting Kappa Manufacturing."
EVT0116,raw_material_shortage,SUP017,"Hanoi, VN",2026-08-25,0.526,6,news_feed,"Geopolitical reported near Hanoi, VN affecting Gamma Technologies."
EVT0117,labor_dispute,SUP187,"Ho Chi Minh, VN",2026-09-24,0.428,7,weather_service,"Weather reported near Ho Chi Minh, VN affecting Apex Industries."
EVT0118,raw_material_shortage,SUP062,"Houston, US",2026-08-16,0.442,3,news_feed,"Weather reported near Houston, US affecting Quantum Manufacturing."
EVT0119,raw_material_shortage,SUP171,"Shenzhen, CN",2026-09-05,0.621,6,weather_service,"Geopolitical reported near Shenzhen, CN affecting Vertex Materials."
EVT0120,weather,SUP009,"Ho Chi Minh, VN",2026-09-23,0.116,1,manual_entry,"Factory Fire reported near Ho Chi Minh, VN affecting Nexus Works."
EVT0121,labor_dispute,SUP068,"Taipei, TW",2026-09-11,0.402,5,manual_entry,"Geopolitical reported near Taipei, TW affecting Beta Industries."
EVT0122,raw_material_shortage,SUP185,"Ho Chi Minh, VN",2026-08-25,0.322,4,supplier_api,"Factory Fire reported near Ho Chi Minh, VN affecting Apex Systems."
EVT0123,geopolitical,SUP166,"Perth, AU",2026-08-20,0.284,1,manual_entry,"Raw Material Shortage reported near Perth, AU affecting Nexus Systems."
EVT0124,port_strike,SUP067,"Taipei, TW",2026-08-30,0.881,6,weather_service,"Labor Dispute reported near Taipei, TW affecting Orion Components."
EVT0125,weather,SUP064,"Taipei, TW",2026-09-02,0.423,3,supplier_api,"Raw Material Shortage reported near Taipei, TW affecting Orion Industries."
EVT0126,logistics_failure,SUP019,"Shanghai, CN",2026-08-16,0.335,4,supplier_api,"Customs Delay reported near Shanghai, CN affecting Vertex Electronics."
EVT0127,weather,SUP078,"Hsinchu, TW",2026-09-13,0.198,1,supplier_api,"Factory Fire reported near Hsinchu, TW affecting Quantum Manufacturing."
EVT0128,labor_dispute,SUP056,"Monterrey, MX",2026-09-19,0.479,6,news_feed,"Port Strike reported near Monterrey, MX affecting Gamma Electronics."
EVT0129,raw_material_shortage,SUP085,"Rotterdam, NL",2026-09-15,0.422,3,manual_entry,"Weather reported near Rotterdam, NL affecting Gamma Industries."
EVT0130,geopolitical,SUP154,"Chennai, IN",2026-09-17,0.098,3,supplier_api,"Weather reported near Chennai, IN affecting Sigma Industries."
EVT0131,weather,SUP165,"Houston, US",2026-09-13,0.42,9,manual_entry,"Weather reported near Houston, US affecting Kappa Manufacturing."
EVT0132,logistics_failure,SUP029,"Mumbai, IN",2026-08-19,0.601,3,news_feed,"Geopolitical reported near Mumbai, IN affecting Orion Components."
EVT0133,raw_material_shortage,SUP001,"Ho Chi Minh, VN",2026-09-23,0.305,1,supplier_api,"Logistics Failure reported near Ho Chi Minh, VN affecting Delta Components."
EVT0134,labor_dispute,SUP179,"Busan, KR",2026-09-17,0.481,5,customs_alert,"Customs Delay reported near Busan, KR affecting Beta Technologies."
EVT0135,customs_delay,SUP077,"Shanghai, CN",2026-08-16,0.708,7,weather_service,"Logistics Failure reported near Shanghai, CN affecting Beta Electronics."
EVT0136,customs_delay,SUP016,"Bengaluru, IN",2026-09-16,0.705,7,weather_service,"Logistics Failure reported near Bengaluru, IN affecting Sigma Electronics."
EVT0137,logistics_failure,SUP031,"Mumbai, IN",2026-09-05,0.325,4,weather_service,"Geopolitical reported near Mumbai, IN affecting Vertex Works."
EVT0138,geopolitical,SUP113,"Guadalajara, MX",2026-09-26,0.65,6,supplier_api,"Customs Delay reported near Guadalajara, MX affecting Nova Systems."
EVT0139,weather,SUP097,"Rotterdam, NL",2026-09-07,0.163,5,weather_service,"Port Strike reported near Rotterdam, NL affecting Prime Electronics."
EVT0140,logistics_failure,SUP064,"Taipei, TW",2026-09-10,0.595,4,weather_service,"Factory Fire reported near Taipei, TW affecting Orion Industries."
EVT0141,factory_fire,SUP195,"Perth, AU",2026-09-22,0.311,5,weather_service,"Factory Fire reported near Perth, AU affecting Fusion Components."
EVT0142,weather,SUP079,"Perth, AU",2026-09-19,0.383,1,weather_service,"Logistics Failure reported near Perth, AU affecting Orion Industries."
EVT0143,weather,SUP002,"Hamburg, DE",2026-08-26,0.127,2,customs_alert,"Factory Fire reported near Hamburg, DE affecting Orion Industries."
EVT0144,customs_delay,SUP183,"Pune, IN",2026-09-08,0.68,4,customs_alert,"Raw Material Shortage reported near Pune, IN affecting Kappa Technologies."
EVT0145,port_strike,SUP029,"Mumbai, IN",2026-09-16,0.394,2,customs_alert,"Port Strike reported near Mumbai, IN affecting Orion Components."
EVT0146,geopolitical,SUP143,"Taipei, TW",2026-09-01,0.39,1,manual_entry,"Raw Material Shortage reported near Taipei, TW affecting Titan Supply Co."
EVT0147,customs_delay,SUP063,"Hsinchu, TW",2026-08-22,0.472,6,customs_alert,"Factory Fire reported near Hsinchu, TW affecting Prime Systems."
EVT0148,raw_material_shortage,SUP155,"Mumbai, IN",2026-09-07,0.366,1,supplier_api,"Port Strike reported near Mumbai, IN affecting Fusion Electronics."
EVT0149,raw_material_shortage,SUP055,"Penang, MY",2026-09-26,0.524,5,news_feed,"Raw Material Shortage reported near Penang, MY affecting Beta Industries."
EVT0150,weather,SUP078,"Hsinchu, TW",2026-09-13,0.191,1,supplier_api,"Port Strike reported near Hsinchu, TW affecting Quantum Manufacturing."
EVT0151,labor_dispute,SUP168,"Sao Paulo, BR",2026-09-06,0.3,1,customs_alert,"Weather reported near Sao Paulo, BR affecting Gamma Supply Co."
EVT0152,logistics_failure,SUP025,"Guadalajara, MX",2026-09-28,0.268,4,customs_alert,"Port Strike reported near Guadalajara, MX affecting Kappa Materials."
EVT0153,factory_fire,SUP152,"Shanghai, CN",2026-08-20,0.131,1,news_feed,"Labor Dispute reported near Shanghai, CN affecting Vertex Supply Co."
EVT0154,customs_delay,SUP094,"Shanghai, CN",2026-09-01,0.426,1,supplier_api,"Geopolitical reported near Shanghai, CN affecting Titan Components."
EVT0155,factory_fire,SUP054,"Busan, KR",2026-08-21,0.788,9,weather_service,"Customs Delay reported near Busan, KR affecting Helios Supply Co."
EVT0156,labor_dispute,SUP133,"Pune, IN",2026-09-22,0.307,2,news_feed,"Port Strike reported near Pune, IN affecting Helios Technologies."
EVT0157,customs_delay,SUP125,"Pune, IN",2026-09-28,0.487,5,customs_alert,"Logistics Failure reported near Pune, IN affecting Nexus Technologies."
EVT0158,factory_fire,SUP010,"Pune, IN",2026-08-18,0.747,6,news_feed,"Logistics Failure reported near Pune, IN affecting Alpha Materials."
EVT0159,port_strike,SUP156,"Hsinchu, TW",2026-08-24,0.619,7,manual_entry,"Customs Delay reported near Hsinchu, TW affecting Kappa Manufacturing."
EVT0160,weather,SUP170,"Busan, KR",2026-08-31,0.702,8,weather_service,"Geopolitical reported near Busan, KR affecting Orion Supply Co."
EVT0161,port_strike,SUP106,"Houston, US",2026-08-24,0.525,2,manual_entry,"Raw Material Shortage reported near Houston, US affecting Omega Supply Co."
EVT0162,customs_delay,SUP058,"Guadalajara, MX",2026-08-18,0.112,4,manual_entry,"Geopolitical reported near Guadalajara, MX affecting Omega Systems."
EVT0163,weather,SUP192,"Perth, AU",2026-09-02,0.241,1,news_feed,"Raw Material Shortage reported near Perth, AU affecting Quantum Materials."
EVT0164,factory_fire,SUP091,"Perth, AU",2026-08-16,0.187,1,manual_entry,"Port Strike reported near Perth, AU affecting Apex Materials."
EVT0165,geopolitical,SUP180,"Hamburg, DE",2026-09-10,0.222,1,customs_alert,"Port Strike reported near Hamburg, DE affecting Delta Systems."
EVT0166,geopolitical,SUP101,"Bangkok, TH",2026-09-12,0.082,1,weather_service,"Labor Dispute reported near Bangkok, TH affecting Kappa Components."
EVT0167,port_strike,SUP067,"Taipei, TW",2026-09-18,0.063,1,weather_service,"Factory Fire reported near Taipei, TW affecting Orion Components."
EVT0168,raw_material_shortage,SUP049,"Bangkok, TH",2026-08-28,0.318,3,supplier_api,"Factory Fire reported near Bangkok, TH affecting Atlas Technologies."
EVT0169,raw_material_shortage,SUP130,"Hanoi, VN",2026-09-15,0.418,1,supplier_api,"Port Strike reported near Hanoi, VN affecting Omega Components."
EVT0170,raw_material_shortage,SUP142,"Bengaluru, IN",2026-08-26,0.309,2,manual_entry,"Raw Material Shortage reported near Bengaluru, IN affecting Alpha Industries."
EVT0171,weather,SUP046,"Houston, US",2026-09-01,0.095,1,customs_alert,"Logistics Failure reported near Houston, US affecting Fusion Materials."
EVT0172,weather,SUP021,"Bengaluru, IN",2026-09-11,0.417,4,supplier_api,"Factory Fire reported near Bengaluru, IN affecting Orion Electronics."
EVT0173,logistics_failure,SUP172,"Monterrey, MX",2026-09-21,0.272,3,news_feed,"Labor Dispute reported near Monterrey, MX affecting Beta Industries."
EVT0174,customs_delay,SUP156,"Hsinchu, TW",2026-09-03,0.214,6,news_feed,"Customs Delay reported near Hsinchu, TW affecting Kappa Manufacturing."
EVT0175,port_strike,SUP021,"Bengaluru, IN",2026-08-22,0.257,3,weather_service,"Labor Dispute reported near Bengaluru, IN affecting Orion Electronics."
EVT0176,geopolitical,SUP031,"Mumbai, IN",2026-08-21,0.123,3,manual_entry,"Logistics Failure reported near Mumbai, IN affecting Vertex Works."
EVT0177,labor_dispute,SUP084,"Shenzhen, CN",2026-08-22,0.473,4,news_feed,"Customs Delay reported near Shenzhen, CN affecting Beta Technologies."
EVT0178,labor_dispute,SUP013,"Hsinchu, TW",2026-09-12,0.624,2,weather_service,"Port Strike reported near Hsinchu, TW affecting Gamma Logistics."
EVT0179,raw_material_shortage,SUP122,"Ho Chi Minh, VN",2026-09-01,0.069,1,weather_service,"Factory Fire reported near Ho Chi Minh, VN affecting Gamma Logistics."
EVT0180,raw_material_shortage,SUP189,"Mumbai, IN",2026-09-09,0.876,10,customs_alert,"Geopolitical reported near Mumbai, IN affecting Orion Supply Co."
EVT0181,logistics_failure,SUP138,"Bengaluru, IN",2026-09-14,0.44,3,customs_alert,"Raw Material Shortage reported near Bengaluru, IN affecting Nova Electronics."
EVT0182,weather,SUP094,"Shanghai, CN",2026-08-26,0.169,5,customs_alert,"Logistics Failure reported near Shanghai, CN affecting Titan Components."
EVT0183,raw_material_shortage,SUP139,"Busan, KR",2026-08-27,0.241,1,manual_entry,"Labor Dispute reported near Busan, KR affecting Beta Systems."
EVT0184,factory_fire,SUP084,"Shenzhen, CN",2026-09-10,0.522,6,customs_alert,"Factory Fire reported near Shenzhen, CN affecting Beta Technologies."
EVT0185,geopolitical,SUP102,"Penang, MY",2026-08-16,0.603,6,manual_entry,"Weather reported near Penang, MY affecting Gamma Logistics."
EVT0186,labor_dispute,SUP020,"Taipei, TW",2026-09-25,0.466,4,weather_service,"Factory Fire reported near Taipei, TW affecting Orion Supply Co."
EVT0187,factory_fire,SUP105,"Bengaluru, IN",2026-09-17,0.58,2,weather_service,"Labor Dispute reported near Bengaluru, IN affecting Orion Supply Co."
EVT0188,labor_dispute,SUP149,"Mumbai, IN",2026-09-26,0.097,1,customs_alert,"Geopolitical reported near Mumbai, IN affecting Fusion Manufacturing."
EVT0189,weather,SUP134,"Busan, KR",2026-09-01,0.355,2,customs_alert,"Raw Material Shortage reported near Busan, KR affecting Kappa Materials."
EVT0190,logistics_failure,SUP124,"Rotterdam, NL",2026-09-19,0.206,1,news_feed,"Raw Material Shortage reported near Rotterdam, NL affecting Omega Supply Co."
EVT0191,geopolitical,SUP175,"Bengaluru, IN",2026-08-31,0.698,1,weather_service,"Port Strike reported near Bengaluru, IN affecting Quantum Systems."
EVT0192,factory_fire,SUP091,"Perth, AU",2026-09-07,0.262,2,customs_alert,"Raw Material Shortage reported near Perth, AU affecting Apex Materials."
EVT0193,weather,SUP103,"Mumbai, IN",2026-08-16,0.343,4,news_feed,"Weather reported near Mumbai, IN affecting Theta Technologies."
EVT0194,logistics_failure,SUP056,"Monterrey, MX",2026-09-16,0.147,1,news_feed,"Weather reported near Monterrey, MX affecting Gamma Electronics."
EVT0195,factory_fire,SUP013,"Hsinchu, TW",2026-09-18,0.4,4,supplier_api,"Raw Material Shortage reported near Hsinchu, TW affecting Gamma Logistics."
EVT0196,raw_material_shortage,SUP010,"Pune, IN",2026-09-22,0.521,5,customs_alert,"Port Strike reported near Pune, IN affecting Alpha Materials."
EVT0197,weather,SUP177,"Busan, KR",2026-09-10,0.409,5,customs_alert,"Raw Material Shortage reported near Busan, KR affecting Delta Logistics."
EVT0198,raw_material_shortage,SUP067,"Taipei, TW",2026-08-23,0.541,9,customs_alert,"Factory Fire reported near Taipei, TW affecting Orion Components."
EVT0199,weather,SUP173,"Houston, US",2026-09-04,0.278,1,manual_entry,"Raw Material Shortage reported near Houston, US affecting Kappa Electronics."
EVT0200,geopolitical,SUP188,"Hanoi, VN",2026-09-15,0.544,8,weather_service,"Labor Dispute reported near Hanoi, VN affecting Nexus Electronics."
EVT0201,customs_delay,SUP059,"Sao Paulo, BR",2026-09-09,0.48,1,news_feed,"Port Strike reported near Sao Paulo, BR affecting Nova Supply Co."
EVT0202,weather,SUP179,"Busan, KR",2026-09-09,0.054,1,customs_alert,"Geopolitical reported near Busan, KR affecting Beta Technologies."
EVT0203,factory_fire,SUP104,"Mumbai, IN",2026-09-07,0.612,7,weather_service,"Labor Dispute reported near Mumbai, IN affecting Zenith Industries."
EVT0204,logistics_failure,SUP116,"Ho Chi Minh, VN",2026-08-23,0.293,2,supplier_api,"Labor Dispute reported near Ho Chi Minh, VN affecting Delta Materials."
EVT0205,logistics_failure,SUP136,"Mumbai, IN",2026-09-03,0.061,1,supplier_api,"Factory Fire reported near Mumbai, IN affecting Alpha Materials."
EVT0206,weather,SUP067,"Taipei, TW",2026-09-14,0.543,3,news_feed,"Logistics Failure reported near Taipei, TW affecting Orion Components."
EVT0207,weather,SUP047,"Sao Paulo, BR",2026-09-17,0.77,6,customs_alert,"Factory Fire reported near Sao Paulo, BR affecting Alpha Supply Co."
EVT0208,raw_material_shortage,SUP167,"Rotterdam, NL",2026-09-11,0.713,7,weather_service,"Factory Fire reported near Rotterdam, NL affecting Prime Systems."
EVT0209,labor_dispute,SUP044,"Ho Chi Minh, VN",2026-08-17,0.364,3,weather_service,"Weather reported near Ho Chi Minh, VN affecting Delta Technologies."
EVT0210,weather,SUP091,"Perth, AU",2026-09-13,0.524,5,weather_service,"Customs Delay reported near Perth, AU affecting Apex Materials."
EVT0211,factory_fire,SUP132,"Hsinchu, TW",2026-09-04,0.102,6,supplier_api,"Weather reported near Hsinchu, TW affecting Vertex Industries."
EVT0212,customs_delay,SUP150,"Sao Paulo, BR",2026-08-22,0.336,3,customs_alert,"Port Strike reported near Sao Paulo, BR affecting Fusion Works."
EVT0213,raw_material_shortage,SUP058,"Guadalajara, MX",2026-09-03,0.336,5,manual_entry,"Raw Material Shortage reported near Guadalajara, MX affecting Omega Systems."
EVT0214,logistics_failure,SUP040,"Bangkok, TH",2026-08-25,0.41,6,manual_entry,"Weather reported near Bangkok, TH affecting Nova Logistics."
EVT0215,factory_fire,SUP106,"Houston, US",2026-09-21,0.238,4,news_feed,"Labor Dispute reported near Houston, US affecting Omega Supply Co."
EVT0216,geopolitical,SUP091,"Perth, AU",2026-09-26,0.335,1,customs_alert,"Geopolitical reported near Perth, AU affecting Apex Materials."
EVT0217,geopolitical,SUP119,"Mumbai, IN",2026-08-21,0.427,1,manual_entry,"Factory Fire reported near Mumbai, IN affecting Kappa Industries."
EVT0218,weather,SUP113,"Guadalajara, MX",2026-08-24,0.184,2,weather_service,"Factory Fire reported near Guadalajara, MX affecting Nova Systems."
EVT0219,logistics_failure,SUP084,"Shenzhen, CN",2026-09-11,0.497,4,customs_alert,"Raw Material Shortage reported near Shenzhen, CN affecting Beta Technologies."
EVT0220,weather,SUP193,"Pune, IN",2026-09-06,0.927,9,manual_entry,"Weather reported near Pune, IN affecting Gamma Logistics."
EVT0221,weather,SUP016,"Bengaluru, IN",2026-08-24,0.127,1,customs_alert,"Port Strike reported near Bengaluru, IN affecting Sigma Electronics."
EVT0222,factory_fire,SUP089,"Houston, US",2026-09-07,0.33,1,manual_entry,"Weather reported near Houston, US affecting Quantum Supply Co."
EVT0223,labor_dispute,SUP153,"Sao Paulo, BR",2026-09-20,0.372,4,supplier_api,"Weather reported near Sao Paulo, BR affecting Fusion Components."
EVT0224,raw_material_shortage,SUP162,"Guadalajara, MX",2026-08-15,0.414,7,supplier_api,"Raw Material Shortage reported near Guadalajara, MX affecting Atlas Logistics."
EVT0225,labor_dispute,SUP014,"Bangkok, TH",2026-09-22,0.126,3,news_feed,"Labor Dispute reported near Bangkok, TH affecting Helios Manufacturing."
EVT0226,customs_delay,SUP188,"Hanoi, VN",2026-08-18,0.548,4,manual_entry,"Labor Dispute reported near Hanoi, VN affecting Nexus Electronics."
EVT0227,weather,SUP103,"Mumbai, IN",2026-08-23,0.481,3,weather_service,"Factory Fire reported near Mumbai, IN affecting Theta Technologies."
EVT0228,weather,SUP159,"Hamburg, DE",2026-09-19,0.154,4,manual_entry,"Weather reported near Hamburg, DE affecting Atlas Technologies."
EVT0229,weather,SUP033,"Ho Chi Minh, VN",2026-08-15,0.361,4,manual_entry,"Raw Material Shortage reported near Ho Chi Minh, VN affecting Nexus Materials."
EVT0230,port_strike,SUP043,"Shenzhen, CN",2026-08-27,0.413,7,news_feed,"Factory Fire reported near Shenzhen, CN affecting Zenith Technologies."
EVT0231,port_strike,SUP035,"Penang, MY",2026-09-24,0.358,1,manual_entry,"Labor Dispute reported near Penang, MY affecting Sigma Supply Co."
EVT0232,customs_delay,SUP058,"Guadalajara, MX",2026-09-15,0.67,5,manual_entry,"Geopolitical reported near Guadalajara, MX affecting Omega Systems."
EVT0233,port_strike,SUP009,"Ho Chi Minh, VN",2026-09-24,0.254,4,customs_alert,"Labor Dispute reported near Ho Chi Minh, VN affecting Nexus Works."
EVT0234,labor_dispute,SUP163,"Hanoi, VN",2026-09-02,0.421,3,customs_alert,"Customs Delay reported near Hanoi, VN affecting Alpha Supply Co."
EVT0235,geopolitical,SUP125,"Pune, IN",2026-09-21,0.178,1,weather_service,"Logistics Failure reported near Pune, IN affecting Nexus Technologies."
EVT0236,factory_fire,SUP173,"Houston, US",2026-09-27,0.738,7,news_feed,"Weather reported near Houston, US affecting Kappa Electronics."
EVT0237,logistics_failure,SUP152,"Shanghai, CN",2026-08-27,0.217,1,customs_alert,"Logistics Failure reported near Shanghai, CN affecting Vertex Supply Co."
EVT0238,logistics_failure,SUP134,"Busan, KR",2026-08-24,0.749,8,supplier_api,"Raw Material Shortage reported near Busan, KR affecting Kappa Materials."
EVT0239,weather,SUP170,"Busan, KR",2026-09-27,0.246,4,weather_service,"Raw Material Shortage reported near Busan, KR affecting Orion Supply Co."
EVT0240,raw_material_shortage,SUP190,"Taipei, TW",2026-09-14,0.183,1,customs_alert,"Weather reported near Taipei, TW affecting Titan Technologies."
EVT0241,raw_material_shortage,SUP032,"Bengaluru, IN",2026-09-14,0.299,5,manual_entry,"Factory Fire reported near Bengaluru, IN affecting Vertex Systems."
EVT0242,raw_material_shortage,SUP044,"Ho Chi Minh, VN",2026-09-14,0.335,4,supplier_api,"Logistics Failure reported near Ho Chi Minh, VN affecting Delta Technologies."
EVT0243,factory_fire,SUP154,"Chennai, IN",2026-08-21,0.606,5,weather_service,"Logistics Failure reported near Chennai, IN affecting Sigma Industries."
EVT0244,customs_delay,SUP181,"Guadalajara, MX",2026-09-22,0.157,3,supplier_api,"Factory Fire reported near Guadalajara, MX affecting Nexus Technologies."
EVT0245,port_strike,SUP173,"Houston, US",2026-08-20,0.695,2,weather_service,"Geopolitical reported near Houston, US affecting Kappa Electronics."
EVT0246,geopolitical,SUP081,"Ho Chi Minh, VN",2026-09-28,0.526,6,supplier_api,"Weather reported near Ho Chi Minh, VN affecting Fusion Materials."
EVT0247,raw_material_shortage,SUP158,"Bengaluru, IN",2026-08-20,0.079,1,manual_entry,"Raw Material Shortage reported near Bengaluru, IN affecting Fusion Manufacturing."
EVT0248,customs_delay,SUP175,"Bengaluru, IN",2026-09-05,0.491,4,supplier_api,"Logistics Failure reported near Bengaluru, IN affecting Quantum Systems."
EVT0249,logistics_failure,SUP148,"Bangkok, TH",2026-09-09,0.271,2,customs_alert,"Labor Dispute reported near Bangkok, TH affecting Beta Electronics."
EVT0250,logistics_failure,SUP065,"Penang, MY",2026-08-25,0.246,3,news_feed,"Factory Fire reported near Penang, MY affecting Titan Components."
EVT0251,geopolitical,SUP112,"Hanoi, VN",2026-08-27,0.279,1,manual_entry,"Logistics Failure reported near Hanoi, VN affecting Orion Manufacturing."
EVT0252,customs_delay,SUP090,"Guadalajara, MX",2026-08-21,0.203,3,supplier_api,"Raw Material Shortage reported near Guadalajara, MX affecting Atlas Logistics."
EVT0253,port_strike,SUP058,"Guadalajara, MX",2026-09-22,0.571,3,news_feed,"Labor Dispute reported near Guadalajara, MX affecting Omega Systems."
EVT0254,logistics_failure,SUP024,"Taipei, TW",2026-09-17,0.293,4,manual_entry,"Logistics Failure reported near Taipei, TW affecting Vertex Supply Co."
EVT0255,labor_dispute,SUP165,"Houston, US",2026-09-01,0.277,3,manual_entry,"Port Strike reported near Houston, US affecting Kappa Manufacturing."
EVT0256,factory_fire,SUP112,"Hanoi, VN",2026-09-04,0.788,6,customs_alert,"Weather reported near Hanoi, VN affecting Orion Manufacturing."
EVT0257,labor_dispute,SUP162,"Guadalajara, MX",2026-08-19,0.707,8,weather_service,"Geopolitical reported near Guadalajara, MX affecting Atlas Logistics."
EVT0258,raw_material_shortage,SUP123,"Mumbai, IN",2026-09-11,0.432,8,news_feed,"Geopolitical reported near Mumbai, IN affecting Beta Components."
EVT0259,port_strike,SUP114,"Sao Paulo, BR",2026-09-06,0.389,4,manual_entry,"Customs Delay reported near Sao Paulo, BR affecting Atlas Works."
EVT0260,raw_material_shortage,SUP148,"Bangkok, TH",2026-08-24,0.499,2,manual_entry,"Labor Dispute reported near Bangkok, TH affecting Beta Electronics."
EVT0261,factory_fire,SUP051,"Sao Paulo, BR",2026-08-17,0.416,5,customs_alert,"Logistics Failure reported near Sao Paulo, BR affecting Nova Technologies."
EVT0262,labor_dispute,SUP123,"Mumbai, IN",2026-08-28,0.402,6,manual_entry,"Factory Fire reported near Mumbai, IN affecting Beta Components."
EVT0263,weather,SUP044,"Ho Chi Minh, VN",2026-09-07,0.198,3,news_feed,"Geopolitical reported near Ho Chi Minh, VN affecting Delta Technologies."
EVT0264,raw_material_shortage,SUP172,"Monterrey, MX",2026-09-03,0.701,9,weather_service,"Raw Material Shortage reported near Monterrey, MX affecting Beta Industries."
EVT0265,weather,SUP029,"Mumbai, IN",2026-09-27,0.186,3,supplier_api,"Geopolitical reported near Mumbai, IN affecting Orion Components."
EVT0266,port_strike,SUP028,"Shanghai, CN",2026-09-27,0.268,1,news_feed,"Port Strike reported near Shanghai, CN affecting Orion Manufacturing."
EVT0267,weather,SUP170,"Busan, KR",2026-09-06,0.495,6,weather_service,"Logistics Failure reported near Busan, KR affecting Orion Supply Co."
EVT0268,logistics_failure,SUP106,"Houston, US",2026-09-05,0.391,3,supplier_api,"Weather reported near Houston, US affecting Omega Supply Co."
EVT0269,raw_material_shortage,SUP027,"Guadalajara, MX",2026-08-26,0.101,1,manual_entry,"Raw Material Shortage reported near Guadalajara, MX affecting Quantum Supply Co."
EVT0270,weather,SUP054,"Busan, KR",2026-08-22,0.554,2,customs_alert,"Labor Dispute reported near Busan, KR affecting Helios Supply Co."
EVT0271,raw_material_shortage,SUP007,"Perth, AU",2026-09-04,0.524,8,manual_entry,"Logistics Failure reported near Perth, AU affecting Alpha Technologies."
EVT0272,labor_dispute,SUP119,"Mumbai, IN",2026-08-22,0.213,3,customs_alert,"Port Strike reported near Mumbai, IN affecting Kappa Industries."
EVT0273,raw_material_shortage,SUP160,"Bengaluru, IN",2026-09-06,0.404,3,weather_service,"Factory Fire reported near Bengaluru, IN affecting Vertex Logistics."
EVT0274,geopolitical,SUP131,"Chennai, IN",2026-09-28,0.25,1,manual_entry,"Labor Dispute reported near Chennai, IN affecting Helios Components."
EVT0275,port_strike,SUP089,"Houston, US",2026-09-02,0.23,3,manual_entry,"Logistics Failure reported near Houston, US affecting Quantum Supply Co."
EVT0276,labor_dispute,SUP170,"Busan, KR",2026-09-06,0.521,4,manual_entry,"Customs Delay reported near Busan, KR affecting Orion Supply Co."
EVT0277,port_strike,SUP164,"Penang, MY",2026-09-01,0.279,4,manual_entry,"Logistics Failure reported near Penang, MY affecting Vertex Logistics."
EVT0278,weather,SUP070,"Ho Chi Minh, VN",2026-09-24,0.681,7,manual_entry,"Geopolitical reported near Ho Chi Minh, VN affecting Prime Industries."
EVT0279,weather,SUP122,"Ho Chi Minh, VN",2026-09-08,0.404,5,supplier_api,"Port Strike reported near Ho Chi Minh, VN affecting Gamma Logistics."
EVT0280,factory_fire,SUP101,"Bangkok, TH",2026-09-14,0.456,3,supplier_api,"Port Strike reported near Bangkok, TH affecting Kappa Components."
EVT0281,logistics_failure,SUP054,"Busan, KR",2026-09-03,0.925,7,weather_service,"Geopolitical reported near Busan, KR affecting Helios Supply Co."
EVT0282,weather,SUP088,"Shenzhen, CN",2026-09-27,0.647,7,customs_alert,"Customs Delay reported near Shenzhen, CN affecting Nova Logistics."
EVT0283,geopolitical,SUP009,"Ho Chi Minh, VN",2026-09-07,0.446,1,manual_entry,"Logistics Failure reported near Ho Chi Minh, VN affecting Nexus Works."
EVT0284,port_strike,SUP179,"Busan, KR",2026-08-31,0.164,1,supplier_api,"Customs Delay reported near Busan, KR affecting Beta Technologies."
EVT0285,raw_material_shortage,SUP045,"Hanoi, VN",2026-09-19,0.777,7,customs_alert,"Geopolitical reported near Hanoi, VN affecting Titan Electronics."
EVT0286,raw_material_shortage,SUP142,"Bengaluru, IN",2026-09-13,0.897,7,supplier_api,"Logistics Failure reported near Bengaluru, IN affecting Alpha Industries."
EVT0287,raw_material_shortage,SUP126,"Hsinchu, TW",2026-08-22,0.578,5,manual_entry,"Raw Material Shortage reported near Hsinchu, TW affecting Sigma Components."
EVT0288,labor_dispute,SUP064,"Taipei, TW",2026-09-13,0.082,1,manual_entry,"Logistics Failure reported near Taipei, TW affecting Orion Industries."
EVT0289,customs_delay,SUP093,"Shanghai, CN",2026-08-15,0.406,4,supplier_api,"Labor Dispute reported near Shanghai, CN affecting Theta Technologies."
EVT0290,labor_dispute,SUP168,"Sao Paulo, BR",2026-08-23,0.328,3,supplier_api,"Labor Dispute reported near Sao Paulo, BR affecting Gamma Supply Co."
EVT0291,labor_dispute,SUP176,"Shenzhen, CN",2026-09-05,0.253,1,supplier_api,"Logistics Failure reported near Shenzhen, CN affecting Orion Materials."
EVT0292,raw_material_shortage,SUP198,"Chennai, IN",2026-09-16,0.076,1,customs_alert,"Raw Material Shortage reported near Chennai, IN affecting Apex Components."
EVT0293,labor_dispute,SUP078,"Hsinchu, TW",2026-08-25,0.228,1,weather_service,"Factory Fire reported near Hsinchu, TW affecting Quantum Manufacturing."
EVT0294,geopolitical,SUP070,"Ho Chi Minh, VN",2026-09-06,0.607,5,customs_alert,"Raw Material Shortage reported near Ho Chi Minh, VN affecting Prime Industries."
EVT0295,weather,SUP103,"Mumbai, IN",2026-08-16,0.439,6,weather_service,"Port Strike reported near Mumbai, IN affecting Theta Technologies."
EVT0296,labor_dispute,SUP122,"Ho Chi Minh, VN",2026-08-16,0.609,6,news_feed,"Raw Material Shortage reported near Ho Chi Minh, VN affecting Gamma Logistics."
EVT0297,logistics_failure,SUP022,"Chennai, IN",2026-09-05,0.655,9,weather_service,"Logistics Failure reported near Chennai, IN affecting Zenith Systems."
EVT0298,customs_delay,SUP127,"Guadalajara, MX",2026-09-01,0.12,1,supplier_api,"Labor Dispute reported near Guadalajara, MX affecting Gamma Materials."
EVT0299,labor_dispute,SUP059,"Sao Paulo, BR",2026-09-10,0.343,7,supplier_api,"Factory Fire reported near Sao Paulo, BR affecting Nova Supply Co."
EVT0300,customs_delay,SUP097,"Rotterdam, NL",2026-08-27,0.679,7,supplier_api,"Port Strike reported near Rotterdam, NL affecting Prime Electronics."
EVT0301,customs_delay,SUP024,"Taipei, TW",2026-09-06,0.155,1,supplier_api,"Port Strike reported near Taipei, TW affecting Vertex Supply Co."
EVT0302,factory_fire,SUP158,"Bengaluru, IN",2026-08-20,0.366,4,customs_alert,"Raw Material Shortage reported near Bengaluru, IN affecting Fusion Manufacturing."
EVT0303,logistics_failure,SUP039,"Hamburg, DE",2026-09-14,0.302,4,news_feed,"Weather reported near Hamburg, DE affecting Beta Electronics."
EVT0304,port_strike,SUP087,"Shanghai, CN",2026-09-20,0.527,7,manual_entry,"Weather reported near Shanghai, CN affecting Vertex Logistics."
EVT0305,geopolitical,SUP108,"Penang, MY",2026-08-22,0.343,2,customs_alert,"Logistics Failure reported near Penang, MY affecting Nexus Works."
EVT0306,customs_delay,SUP043,"Shenzhen, CN",2026-09-13,0.735,8,weather_service,"Raw Material Shortage reported near Shenzhen, CN affecting Zenith Technologies."
EVT0307,labor_dispute,SUP026,"Houston, US",2026-09-20,0.539,3,news_feed,"Factory Fire reported near Houston, US affecting Orion Materials."
EVT0308,customs_delay,SUP041,"Bengaluru, IN",2026-09-20,0.055,2,manual_entry,"Port Strike reported near Bengaluru, IN affecting Gamma Logistics."
EVT0309,weather,SUP152,"Shanghai, CN",2026-08-30,0.238,1,customs_alert,"Weather reported near Shanghai, CN affecting Vertex Supply Co."
EVT0310,port_strike,SUP112,"Hanoi, VN",2026-08-26,0.459,3,customs_alert,"Logistics Failure reported near Hanoi, VN affecting Orion Manufacturing."
EVT0311,weather,SUP022,"Chennai, IN",2026-09-16,0.314,2,weather_service,"Port Strike reported near Chennai, IN affecting Zenith Systems."
EVT0312,port_strike,SUP039,"Hamburg, DE",2026-09-01,0.304,2,weather_service,"Factory Fire reported near Hamburg, DE affecting Beta Electronics."
EVT0313,raw_material_shortage,SUP055,"Penang, MY",2026-09-05,0.51,2,weather_service,"Logistics Failure reported near Penang, MY affecting Beta Industries."
EVT0314,logistics_failure,SUP114,"Sao Paulo, BR",2026-09-24,0.398,5,supplier_api,"Logistics Failure reported near Sao Paulo, BR affecting Atlas Works."
EVT0315,labor_dispute,SUP079,"Perth, AU",2026-09-24,0.05,1,supplier_api,"Factory Fire reported near Perth, AU affecting Orion Industries."
EVT0316,raw_material_shortage,SUP119,"Mumbai, IN",2026-09-14,0.204,1,supplier_api,"Logistics Failure reported near Mumbai, IN affecting Kappa Industries."
EVT0317,labor_dispute,SUP050,"Chennai, IN",2026-08-30,0.105,2,supplier_api,"Port Strike reported near Chennai, IN affecting Vertex Materials."
EVT0318,raw_material_shortage,SUP083,"Hsinchu, TW",2026-08-21,0.149,1,weather_service,"Customs Delay reported near Hsinchu, TW affecting Nexus Technologies."
EVT0319,weather,SUP001,"Ho Chi Minh, VN",2026-09-05,0.529,6,manual_entry,"Geopolitical reported near Ho Chi Minh, VN affecting Delta Components."
EVT0320,geopolitical,SUP110,"Ho Chi Minh, VN",2026-09-18,0.248,1,manual_entry,"Raw Material Shortage reported near Ho Chi Minh, VN affecting Vertex Technologies."
EVT0321,factory_fire,SUP037,"Hamburg, DE",2026-08-30,0.728,10,customs_alert,"Factory Fire reported near Hamburg, DE affecting Helios Industries."
EVT0322,weather,SUP100,"Penang, MY",2026-09-24,0.35,2,supplier_api,"Logistics Failure reported near Penang, MY affecting Theta Industries."
EVT0323,raw_material_shortage,SUP107,"Shenzhen, CN",2026-09-02,0.183,2,supplier_api,"Port Strike reported near Shenzhen, CN affecting Titan Electronics."
EVT0324,labor_dispute,SUP182,"Houston, US",2026-09-04,0.461,1,customs_alert,"Customs Delay reported near Houston, US affecting Kappa Manufacturing."
EVT0325,logistics_failure,SUP035,"Penang, MY",2026-08-27,0.408,1,weather_service,"Raw Material Shortage reported near Penang, MY affecting Sigma Supply Co."
EVT0326,labor_dispute,SUP075,"Chennai, IN",2026-08-17,0.239,4,manual_entry,"Port Strike reported near Chennai, IN affecting Delta Logistics."
EVT0327,labor_dispute,SUP101,"Bangkok, TH",2026-09-22,0.126,1,weather_service,"Customs Delay reported near Bangkok, TH affecting Kappa Components."
EVT0328,port_strike,SUP043,"Shenzhen, CN",2026-09-18,0.401,1,news_feed,"Logistics Failure reported near Shenzhen, CN affecting Zenith Technologies."
EVT0329,labor_dispute,SUP010,"Pune, IN",2026-09-13,0.531,8,supplier_api,"Geopolitical reported near Pune, IN affecting Alpha Materials."
EVT0330,labor_dispute,SUP038,"Taipei, TW",2026-09-23,0.843,12,news_feed,"Labor Dispute reported near Taipei, TW affecting Prime Systems."
EVT0331,raw_material_shortage,SUP097,"Rotterdam, NL",2026-09-10,0.146,1,manual_entry,"Customs Delay reported near Rotterdam, NL affecting Prime Electronics."
EVT0332,customs_delay,SUP007,"Perth, AU",2026-09-20,0.581,6,supplier_api,"Logistics Failure reported near Perth, AU affecting Alpha Technologies."
EVT0333,weather,SUP127,"Guadalajara, MX",2026-08-17,0.571,3,customs_alert,"Raw Material Shortage reported near Guadalajara, MX affecting Gamma Materials."
EVT0334,geopolitical,SUP021,"Bengaluru, IN",2026-09-10,0.162,1,manual_entry,"Logistics Failure reported near Bengaluru, IN affecting Orion Electronics."
EVT0335,customs_delay,SUP029,"Mumbai, IN",2026-09-08,0.52,2,supplier_api,"Factory Fire reported near Mumbai, IN affecting Orion Components."
EVT0336,logistics_failure,SUP018,"Penang, MY",2026-08-25,0.4,3,manual_entry,"Raw Material Shortage reported near Penang, MY affecting Kappa Manufacturing."
EVT0337,factory_fire,SUP062,"Houston, US",2026-09-01,0.05,1,manual_entry,"Factory Fire reported near Houston, US affecting Quantum Manufacturing."
EVT0338,port_strike,SUP080,"Hamburg, DE",2026-08-29,0.542,3,manual_entry,"Customs Delay reported near Hamburg, DE affecting Sigma Systems."
EVT0339,weather,SUP157,"Hanoi, VN",2026-08-23,0.29,3,supplier_api,"Raw Material Shortage reported near Hanoi, VN affecting Atlas Technologies."
EVT0340,logistics_failure,SUP105,"Bengaluru, IN",2026-09-25,0.737,8,news_feed,"Customs Delay reported near Bengaluru, IN affecting Orion Supply Co."
EVT0341,logistics_failure,SUP033,"Ho Chi Minh, VN",2026-09-07,0.297,6,news_feed,"Logistics Failure reported near Ho Chi Minh, VN affecting Nexus Materials."
EVT0342,port_strike,SUP180,"Hamburg, DE",2026-08-15,0.427,2,customs_alert,"Weather reported near Hamburg, DE affecting Delta Systems."
EVT0343,geopolitical,SUP034,"Guadalajara, MX",2026-08-15,0.05,1,customs_alert,"Port Strike reported near Guadalajara, MX affecting Omega Industries."
EVT0344,logistics_failure,SUP004,"Shanghai, CN",2026-09-15,0.239,4,weather_service,"Port Strike reported near Shanghai, CN affecting Theta Logistics."
EVT0345,geopolitical,SUP128,"Penang, MY",2026-09-23,0.654,2,weather_service,"Port Strike reported near Penang, MY affecting Beta Manufacturing."
EVT0346,customs_delay,SUP124,"Rotterdam, NL",2026-09-25,0.775,8,manual_entry,"Factory Fire reported near Rotterdam, NL affecting Omega Supply Co."
EVT0347,port_strike,SUP113,"Guadalajara, MX",2026-09-17,0.517,5,customs_alert,"Raw Material Shortage reported near Guadalajara, MX affecting Nova Systems."
EVT0348,factory_fire,SUP083,"Hsinchu, TW",2026-09-11,0.137,1,manual_entry,"Port Strike reported near Hsinchu, TW affecting Nexus Technologies."
EVT0349,factory_fire,SUP094,"Shanghai, CN",2026-09-25,0.483,4,customs_alert,"Port Strike reported near Shanghai, CN affecting Titan Components."
EVT0350,labor_dispute,SUP097,"Rotterdam, NL",2026-09-07,0.11,1,customs_alert,"Weather reported near Rotterdam, NL affecting Prime Electronics."
EVT0351,weather,SUP093,"Shanghai, CN",2026-08-26,0.287,1,customs_alert,"Raw Material Shortage reported near Shanghai, CN affecting Theta Technologies."
EVT0352,geopolitical,SUP197,"Bengaluru, IN",2026-09-03,0.371,7,customs_alert,"Geopolitical reported near Bengaluru, IN affecting Alpha Works."
EVT0353,geopolitical,SUP193,"Pune, IN",2026-08-20,0.577,5,news_feed,"Weather reported near Pune, IN affecting Gamma Logistics."
EVT0354,raw_material_shortage,SUP151,"Penang, MY",2026-09-08,0.212,1,news_feed,"Weather reported near Penang, MY affecting Delta Logistics."
EVT0355,geopolitical,SUP181,"Guadalajara, MX",2026-08-23,0.187,1,manual_entry,"Weather reported near Guadalajara, MX affecting Nexus Technologies."
EVT0356,customs_delay,SUP055,"Penang, MY",2026-08-28,0.311,4,news_feed,"Port Strike reported near Penang, MY affecting Beta Industries."
EVT0357,labor_dispute,SUP147,"Ho Chi Minh, VN",2026-09-26,0.433,1,customs_alert,"Geopolitical reported near Ho Chi Minh, VN affecting Nova Works."
EVT0358,geopolitical,SUP049,"Bangkok, TH",2026-08-19,0.513,3,supplier_api,"Customs Delay reported near Bangkok, TH affecting Atlas Technologies."
EVT0359,logistics_failure,SUP047,"Sao Paulo, BR",2026-09-23,0.34,2,weather_service,"Weather reported near Sao Paulo, BR affecting Alpha Supply Co."
EVT0360,labor_dispute,SUP172,"Monterrey, MX",2026-09-24,0.069,4,supplier_api,"Factory Fire reported near Monterrey, MX affecting Beta Industries."
EVT0361,port_strike,SUP167,"Rotterdam, NL",2026-09-02,0.062,1,customs_alert,"Port Strike reported near Rotterdam, NL affecting Prime Systems."
EVT0362,customs_delay,SUP055,"Penang, MY",2026-09-06,0.15,1,supplier_api,"Factory Fire reported near Penang, MY affecting Beta Industries."
EVT0363,factory_fire,SUP064,"Taipei, TW",2026-08-19,0.431,6,manual_entry,"Port Strike reported near Taipei, TW affecting Orion Industries."
EVT0364,logistics_failure,SUP184,"Rotterdam, NL",2026-08-16,0.816,9,manual_entry,"Port Strike reported near Rotterdam, NL affecting Sigma Systems."
EVT0365,customs_delay,SUP125,"Pune, IN",2026-09-14,0.349,2,news_feed,"Geopolitical reported near Pune, IN affecting Nexus Technologies."
EVT0366,logistics_failure,SUP059,"Sao Paulo, BR",2026-09-17,0.534,4,supplier_api,"Customs Delay reported near Sao Paulo, BR affecting Nova Supply Co."
EVT0367,port_strike,SUP172,"Monterrey, MX",2026-09-02,0.382,2,supplier_api,"Labor Dispute reported near Monterrey, MX affecting Beta Industries."
EVT0368,customs_delay,SUP123,"Mumbai, IN",2026-09-06,0.452,4,manual_entry,"Raw Material Shortage reported near Mumbai, IN affecting Beta Components."
EVT0369,raw_material_shortage,SUP009,"Ho Chi Minh, VN",2026-08-23,0.296,5,supplier_api,"Labor Dispute reported near Ho Chi Minh, VN affecting Nexus Works."
EVT0370,weather,SUP036,"Bengaluru, IN",2026-09-28,0.867,8,manual_entry,"Customs Delay reported near Bengaluru, IN affecting Fusion Works."
EVT0371,geopolitical,SUP054,"Busan, KR",2026-08-15,0.282,3,weather_service,"Labor Dispute reported near Busan, KR affecting Helios Supply Co."
EVT0372,port_strike,SUP115,"Hanoi, VN",2026-08-16,0.068,1,manual_entry,"Weather reported near Hanoi, VN affecting Alpha Technologies."
EVT0373,geopolitical,SUP077,"Shanghai, CN",2026-09-16,0.296,2,manual_entry,"Logistics Failure reported near Shanghai, CN affecting Beta Electronics."
EVT0374,port_strike,SUP097,"Rotterdam, NL",2026-08-18,0.451,3,weather_service,"Geopolitical reported near Rotterdam, NL affecting Prime Electronics."
EVT0375,raw_material_shortage,SUP062,"Houston, US",2026-09-26,0.156,2,customs_alert,"Geopolitical reported near Houston, US affecting Quantum Manufacturing."
EVT0376,weather,SUP185,"Ho Chi Minh, VN",2026-08-31,0.104,1,weather_service,"Geopolitical reported near Ho Chi Minh, VN affecting Apex Systems."
EVT0377,weather,SUP053,"Hsinchu, TW",2026-09-13,0.459,5,manual_entry,"Logistics Failure reported near Hsinchu, TW affecting Apex Components."
EVT0378,customs_delay,SUP092,"Shanghai, CN",2026-09-08,0.37,6,supplier_api,"Labor Dispute reported near Shanghai, CN affecting Atlas Industries."
EVT0379,weather,SUP047,"Sao Paulo, BR",2026-09-26,0.345,1,customs_alert,"Port Strike reported near Sao Paulo, BR affecting Alpha Supply Co."
EVT0380,geopolitical,SUP060,"Perth, AU",2026-09-01,0.15,2,customs_alert,"Weather reported near Perth, AU affecting Kappa Logistics."
EVT0381,geopolitical,SUP105,"Bengaluru, IN",2026-09-01,0.239,2,supplier_api,"Labor Dispute reported near Bengaluru, IN affecting Orion Supply Co."
EVT0382,customs_delay,SUP068,"Taipei, TW",2026-09-12,0.05,1,weather_service,"Factory Fire reported near Taipei, TW affecting Beta Industries."
EVT0383,logistics_failure,SUP117,"Guadalajara, MX",2026-09-22,0.194,1,weather_service,"Factory Fire reported near Guadalajara, MX affecting Delta Electronics."
EVT0384,customs_delay,SUP188,"Hanoi, VN",2026-09-07,0.234,2,news_feed,"Labor Dispute reported near Hanoi, VN affecting Nexus Electronics."
EVT0385,geopolitical,SUP185,"Ho Chi Minh, VN",2026-09-04,0.571,4,manual_entry,"Port Strike reported near Ho Chi Minh, VN affecting Apex Systems."
EVT0386,factory_fire,SUP002,"Hamburg, DE",2026-09-27,0.406,2,supplier_api,"Customs Delay reported near Hamburg, DE affecting Orion Industries."
EVT0387,logistics_failure,SUP116,"Ho Chi Minh, VN",2026-09-18,0.213,2,supplier_api,"Raw Material Shortage reported near Ho Chi Minh, VN affecting Delta Materials."
EVT0388,labor_dispute,SUP109,"Guadalajara, MX",2026-08-28,0.172,1,news_feed,"Customs Delay reported near Guadalajara, MX affecting Delta Electronics."
EVT0389,customs_delay,SUP001,"Ho Chi Minh, VN",2026-08-29,0.632,7,news_feed,"Logistics Failure reported near Ho Chi Minh, VN affecting Delta Components."
EVT0390,customs_delay,SUP190,"Taipei, TW",2026-09-22,0.245,4,manual_entry,"Customs Delay reported near Taipei, TW affecting Titan Technologies."
EVT0391,geopolitical,SUP091,"Perth, AU",2026-09-28,0.357,5,supplier_api,"Raw Material Shortage reported near Perth, AU affecting Apex Materials."
EVT0392,labor_dispute,SUP048,"Hsinchu, TW",2026-09-01,0.488,4,customs_alert,"Logistics Failure reported near Hsinchu, TW affecting Nova Technologies."
EVT0393,raw_material_shortage,SUP037,"Hamburg, DE",2026-09-10,0.678,6,weather_service,"Labor Dispute reported near Hamburg, DE affecting Helios Industries."
EVT0394,raw_material_shortage,SUP157,"Hanoi, VN",2026-09-14,0.339,1,manual_entry,"Logistics Failure reported near Hanoi, VN affecting Atlas Technologies."
EVT0395,logistics_failure,SUP030,"Taipei, TW",2026-09-03,0.39,4,news_feed,"Logistics Failure reported near Taipei, TW affecting Quantum Supply Co."
EVT0396,raw_material_shortage,SUP069,"Taipei, TW",2026-09-04,0.357,2,supplier_api,"Raw Material Shortage reported near Taipei, TW affecting Beta Manufacturing."
EVT0397,raw_material_shortage,SUP164,"Penang, MY",2026-09-02,0.09,1,customs_alert,"Port Strike reported near Penang, MY affecting Vertex Logistics."
EVT0398,customs_delay,SUP032,"Bengaluru, IN",2026-08-22,0.485,5,supplier_api,"Port Strike reported near Bengaluru, IN affecting Vertex Systems."
EVT0399,labor_dispute,SUP137,"Ho Chi Minh, VN",2026-08-18,0.437,4,manual_entry,"Geopolitical reported near Ho Chi Minh, VN affecting Fusion Industries."
EVT0400,labor_dispute,SUP151,"Penang, MY",2026-09-27,0.35,6,supplier_api,"Customs Delay reported near Penang, MY affecting Delta Logistics."
EVT0401,raw_material_shortage,SUP095,"Sao Paulo, BR",2026-09-10,0.32,1,supplier_api,"Geopolitical reported near Sao Paulo, BR affecting Theta Systems."
EVT0402,customs_delay,SUP149,"Mumbai, IN",2026-08-25,0.195,2,customs_alert,"Raw Material Shortage reported near Mumbai, IN affecting Fusion Manufacturing."
EVT0403,labor_dispute,SUP172,"Monterrey, MX",2026-09-07,0.717,5,customs_alert,"Logistics Failure reported near Monterrey, MX affecting Beta Industries."
EVT0404,logistics_failure,SUP031,"Mumbai, IN",2026-09-18,0.069,1,supplier_api,"Raw Material Shortage reported near Mumbai, IN affecting Vertex Works."
EVT0405,weather,SUP061,"Hanoi, VN",2026-09-27,0.579,2,supplier_api,"Logistics Failure reported near Hanoi, VN affecting Sigma Industries."
EVT0406,weather,SUP149,"Mumbai, IN",2026-09-13,0.211,1,manual_entry,"Port Strike reported near Mumbai, IN affecting Fusion Manufacturing."
EVT0407,port_strike,SUP180,"Hamburg, DE",2026-08-17,0.58,7,news_feed,"Port Strike reported near Hamburg, DE affecting Delta Systems."
EVT0408,port_strike,SUP085,"Rotterdam, NL",2026-08-24,0.616,5,customs_alert,"Weather reported near Rotterdam, NL affecting Gamma Industries."
EVT0409,customs_delay,SUP103,"Mumbai, IN",2026-09-10,0.593,1,news_feed,"Weather reported near Mumbai, IN affecting Theta Technologies."
EVT0410,port_strike,SUP102,"Penang, MY",2026-09-24,0.05,1,supplier_api,"Logistics Failure reported near Penang, MY affecting Gamma Logistics."
EVT0411,raw_material_shortage,SUP056,"Monterrey, MX",2026-08-29,0.438,3,news_feed,"Logistics Failure reported near Monterrey, MX affecting Gamma Electronics."
EVT0412,logistics_failure,SUP101,"Bangkok, TH",2026-09-18,0.173,1,news_feed,"Port Strike reported near Bangkok, TH affecting Kappa Components."
EVT0413,geopolitical,SUP106,"Houston, US",2026-08-29,0.214,4,news_feed,"Port Strike reported near Houston, US affecting Omega Supply Co."
EVT0414,labor_dispute,SUP193,"Pune, IN",2026-09-28,0.561,7,manual_entry,"Labor Dispute reported near Pune, IN affecting Gamma Logistics."
EVT0415,port_strike,SUP030,"Taipei, TW",2026-09-21,0.513,5,manual_entry,"Geopolitical reported near Taipei, TW affecting Quantum Supply Co."
EVT0416,weather,SUP134,"Busan, KR",2026-08-24,0.785,8,news_feed,"Factory Fire reported near Busan, KR affecting Kappa Materials."
EVT0417,weather,SUP125,"Pune, IN",2026-09-27,0.083,1,supplier_api,"Customs Delay reported near Pune, IN affecting Nexus Technologies."
EVT0418,labor_dispute,SUP018,"Penang, MY",2026-09-19,0.158,1,weather_service,"Labor Dispute reported near Penang, MY affecting Kappa Manufacturing."
EVT0419,geopolitical,SUP059,"Sao Paulo, BR",2026-08-30,0.394,5,news_feed,"Raw Material Shortage reported near Sao Paulo, BR affecting Nova Supply Co."
EVT0420,geopolitical,SUP076,"Houston, US",2026-09-01,0.187,3,customs_alert,"Customs Delay reported near Houston, US affecting Fusion Logistics."
EVT0421,customs_delay,SUP011,"Hamburg, DE",2026-09-21,0.224,1,weather_service,"Factory Fire reported near Hamburg, DE affecting Titan Supply Co."
EVT0422,port_strike,SUP067,"Taipei, TW",2026-08-20,0.356,2,news_feed,"Geopolitical reported near Taipei, TW affecting Orion Components."
EVT0423,geopolitical,SUP006,"Bangkok, TH",2026-09-23,0.298,1,customs_alert,"Logistics Failure reported near Bangkok, TH affecting Orion Technologies."
EVT0424,port_strike,SUP087,"Shanghai, CN",2026-09-20,0.256,3,news_feed,"Weather reported near Shanghai, CN affecting Vertex Logistics."
EVT0425,factory_fire,SUP027,"Guadalajara, MX",2026-09-05,0.438,3,customs_alert,"Geopolitical reported near Guadalajara, MX affecting Quantum Supply Co."
EVT0426,raw_material_shortage,SUP173,"Houston, US",2026-08-21,0.623,3,manual_entry,"Factory Fire reported near Houston, US affecting Kappa Electronics."
EVT0427,port_strike,SUP012,"Hsinchu, TW",2026-09-19,0.668,7,supplier_api,"Customs Delay reported near Hsinchu, TW affecting Vertex Manufacturing."
EVT0428,logistics_failure,SUP064,"Taipei, TW",2026-09-26,0.637,6,weather_service,"Port Strike reported near Taipei, TW affecting Orion Industries."
EVT0429,factory_fire,SUP080,"Hamburg, DE",2026-09-17,0.14,1,weather_service,"Port Strike reported near Hamburg, DE affecting Sigma Systems."
EVT0430,weather,SUP063,"Hsinchu, TW",2026-09-10,0.495,5,weather_service,"Port Strike reported near Hsinchu, TW affecting Prime Systems."
EVT0431,customs_delay,SUP050,"Chennai, IN",2026-09-12,0.628,4,manual_entry,"Weather reported near Chennai, IN affecting Vertex Materials."
EVT0432,geopolitical,SUP076,"Houston, US",2026-09-08,0.398,3,news_feed,"Labor Dispute reported near Houston, US affecting Fusion Logistics."
EVT0433,weather,SUP145,"Mumbai, IN",2026-09-13,0.276,3,manual_entry,"Customs Delay reported near Mumbai, IN affecting Quantum Technologies."
EVT0434,geopolitical,SUP073,"Monterrey, MX",2026-09-14,0.445,6,manual_entry,"Raw Material Shortage reported near Monterrey, MX affecting Apex Industries."
EVT0435,geopolitical,SUP127,"Guadalajara, MX",2026-09-16,0.337,5,supplier_api,"Factory Fire reported near Guadalajara, MX affecting Gamma Materials."
EVT0436,raw_material_shortage,SUP124,"Rotterdam, NL",2026-08-15,0.328,2,news_feed,"Factory Fire reported near Rotterdam, NL affecting Omega Supply Co."
EVT0437,geopolitical,SUP073,"Monterrey, MX",2026-09-21,0.261,5,supplier_api,"Factory Fire reported near Monterrey, MX affecting Apex Industries."
EVT0438,raw_material_shortage,SUP038,"Taipei, TW",2026-09-01,0.376,1,manual_entry,"Geopolitical reported near Taipei, TW affecting Prime Systems."
EVT0439,raw_material_shortage,SUP081,"Ho Chi Minh, VN",2026-09-25,0.43,4,news_feed,"Labor Dispute reported near Ho Chi Minh, VN affecting Fusion Materials."
EVT0440,logistics_failure,SUP054,"Busan, KR",2026-09-06,0.421,1,customs_alert,"Customs Delay reported near Busan, KR affecting Helios Supply Co."
EVT0441,raw_material_shortage,SUP087,"Shanghai, CN",2026-09-28,0.312,5,manual_entry,"Geopolitical reported near Shanghai, CN affecting Vertex Logistics."
EVT0442,geopolitical,SUP062,"Houston, US",2026-08-25,0.275,1,supplier_api,"Geopolitical reported near Houston, US affecting Quantum Manufacturing."
EVT0443,factory_fire,SUP151,"Penang, MY",2026-09-19,0.703,9,manual_entry,"Labor Dispute reported near Penang, MY affecting Delta Logistics."
EVT0444,customs_delay,SUP004,"Shanghai, CN",2026-08-21,0.497,4,news_feed,"Factory Fire reported near Shanghai, CN affecting Theta Logistics."
EVT0445,labor_dispute,SUP118,"Hanoi, VN",2026-09-25,0.46,3,supplier_api,"Geopolitical reported near Hanoi, VN affecting Omega Supply Co."
EVT0446,weather,SUP165,"Houston, US",2026-08-15,0.51,1,customs_alert,"Raw Material Shortage reported near Houston, US affecting Kappa Manufacturing."
EVT0447,raw_material_shortage,SUP045,"Hanoi, VN",2026-09-26,0.103,1,news_feed,"Factory Fire reported near Hanoi, VN affecting Titan Electronics."
EVT0448,port_strike,SUP044,"Ho Chi Minh, VN",2026-09-15,0.806,6,weather_service,"Logistics Failure reported near Ho Chi Minh, VN affecting Delta Technologies."
EVT0449,raw_material_shortage,SUP171,"Shenzhen, CN",2026-09-15,0.256,4,weather_service,"Factory Fire reported near Shenzhen, CN affecting Vertex Materials."
EVT0450,weather,SUP181,"Guadalajara, MX",2026-09-09,0.316,1,news_feed,"Weather reported near Guadalajara, MX affecting Nexus Technologies."
EVT0451,geopolitical,SUP172,"Monterrey, MX",2026-08-25,0.411,5,customs_alert,"Geopolitical reported near Monterrey, MX affecting Beta Industries."
EVT0452,factory_fire,SUP107,"Shenzhen, CN",2026-09-10,0.258,4,news_feed,"Factory Fire reported near Shenzhen, CN affecting Titan Electronics."
EVT0453,raw_material_shortage,SUP170,"Busan, KR",2026-09-05,0.587,6,manual_entry,"Factory Fire reported near Busan, KR affecting Orion Supply Co."
EVT0454,raw_material_shortage,SUP040,"Bangkok, TH",2026-08-25,0.463,5,customs_alert,"Port Strike reported near Bangkok, TH affecting Nova Logistics."
EVT0455,labor_dispute,SUP161,"Penang, MY",2026-08-17,0.634,3,customs_alert,"Geopolitical reported near Penang, MY affecting Nova Works."
EVT0456,factory_fire,SUP126,"Hsinchu, TW",2026-09-03,0.341,2,manual_entry,"Customs Delay reported near Hsinchu, TW affecting Sigma Components."
EVT0457,weather,SUP041,"Bengaluru, IN",2026-09-18,0.333,3,customs_alert,"Weather reported near Bengaluru, IN affecting Gamma Logistics."
EVT0458,weather,SUP002,"Hamburg, DE",2026-09-02,0.426,1,weather_service,"Labor Dispute reported near Hamburg, DE affecting Orion Industries."
EVT0459,labor_dispute,SUP197,"Bengaluru, IN",2026-09-22,0.204,4,customs_alert,"Weather reported near Bengaluru, IN affecting Alpha Works."
EVT0460,factory_fire,SUP179,"Busan, KR",2026-09-24,0.274,5,supplier_api,"Geopolitical reported near Busan, KR affecting Beta Technologies."
EVT0461,labor_dispute,SUP061,"Hanoi, VN",2026-09-15,0.384,4,customs_alert,"Labor Dispute reported near Hanoi, VN affecting Sigma Industries."
EVT0462,logistics_failure,SUP071,"Guadalajara, MX",2026-09-15,0.189,1,news_feed,"Raw Material Shortage reported near Guadalajara, MX affecting Apex Industries."
EVT0463,labor_dispute,SUP046,"Houston, US",2026-09-01,0.477,4,supplier_api,"Logistics Failure reported near Houston, US affecting Fusion Materials."
EVT0464,customs_delay,SUP072,"Penang, MY",2026-09-17,0.237,3,customs_alert,"Factory Fire reported near Penang, MY affecting Omega Works."
EVT0465,weather,SUP171,"Shenzhen, CN",2026-09-12,0.595,10,weather_service,"Port Strike reported near Shenzhen, CN affecting Vertex Materials."
EVT0466,geopolitical,SUP177,"Busan, KR",2026-08-29,0.218,1,weather_service,"Geopolitical reported near Busan, KR affecting Delta Logistics."
EVT0467,raw_material_shortage,SUP118,"Hanoi, VN",2026-09-16,0.256,4,customs_alert,"Raw Material Shortage reported near Hanoi, VN affecting Omega Supply Co."
EVT0468,geopolitical,SUP119,"Mumbai, IN",2026-09-20,0.329,5,manual_entry,"Weather reported near Mumbai, IN affecting Kappa Industries."
EVT0469,labor_dispute,SUP158,"Bengaluru, IN",2026-09-23,0.203,1,weather_service,"Customs Delay reported near Bengaluru, IN affecting Fusion Manufacturing."
EVT0470,logistics_failure,SUP161,"Penang, MY",2026-09-21,0.741,8,weather_service,"Weather reported near Penang, MY affecting Nova Works."
EVT0471,geopolitical,SUP093,"Shanghai, CN",2026-08-27,0.735,8,weather_service,"Labor Dispute reported near Shanghai, CN affecting Theta Technologies."
EVT0472,logistics_failure,SUP171,"Shenzhen, CN",2026-09-15,0.183,1,manual_entry,"Customs Delay reported near Shenzhen, CN affecting Vertex Materials."
EVT0473,raw_material_shortage,SUP097,"Rotterdam, NL",2026-08-22,0.11,1,customs_alert,"Labor Dispute reported near Rotterdam, NL affecting Prime Electronics."
EVT0474,geopolitical,SUP110,"Ho Chi Minh, VN",2026-09-03,0.551,3,weather_service,"Factory Fire reported near Ho Chi Minh, VN affecting Vertex Technologies."
EVT0475,customs_delay,SUP079,"Perth, AU",2026-09-07,0.162,1,manual_entry,"Weather reported near Perth, AU affecting Orion Industries."
EVT0476,port_strike,SUP116,"Ho Chi Minh, VN",2026-09-09,0.415,5,customs_alert,"Customs Delay reported near Ho Chi Minh, VN affecting Delta Materials."
EVT0477,logistics_failure,SUP200,"Bangkok, TH",2026-09-25,0.448,3,weather_service,"Factory Fire reported near Bangkok, TH affecting Sigma Technologies."
EVT0478,geopolitical,SUP192,"Perth, AU",2026-09-01,0.423,5,customs_alert,"Weather reported near Perth, AU affecting Quantum Materials."
EVT0479,labor_dispute,SUP064,"Taipei, TW",2026-09-28,0.491,4,supplier_api,"Labor Dispute reported near Taipei, TW affecting Orion Industries."
EVT0480,weather,SUP159,"Hamburg, DE",2026-08-18,0.883,11,customs_alert,"Geopolitical reported near Hamburg, DE affecting Atlas Technologies."
EVT0481,factory_fire,SUP012,"Hsinchu, TW",2026-08-26,0.376,1,customs_alert,"Logistics Failure reported near Hsinchu, TW affecting Vertex Manufacturing."
EVT0482,geopolitical,SUP070,"Ho Chi Minh, VN",2026-09-03,0.06,4,manual_entry,"Geopolitical reported near Ho Chi Minh, VN affecting Prime Industries."
EVT0483,port_strike,SUP114,"Sao Paulo, BR",2026-08-21,0.148,1,weather_service,"Factory Fire reported near Sao Paulo, BR affecting Atlas Works."
EVT0484,factory_fire,SUP170,"Busan, KR",2026-09-05,0.187,3,supplier_api,"Raw Material Shortage reported near Busan, KR affecting Orion Supply Co."
EVT0485,weather,SUP002,"Hamburg, DE",2026-09-18,0.189,1,manual_entry,"Port Strike reported near Hamburg, DE affecting Orion Industries."
EVT0486,geopolitical,SUP126,"Hsinchu, TW",2026-08-25,0.645,8,weather_service,"Geopolitical reported near Hsinchu, TW affecting Sigma Components."
EVT0487,factory_fire,SUP113,"Guadalajara, MX",2026-08-21,0.05,1,news_feed,"Factory Fire reported near Guadalajara, MX affecting Nova Systems."
EVT0488,labor_dispute,SUP097,"Rotterdam, NL",2026-08-15,0.307,1,supplier_api,"Customs Delay reported near Rotterdam, NL affecting Prime Electronics."
EVT0489,logistics_failure,SUP076,"Houston, US",2026-09-07,0.373,2,weather_service,"Geopolitical reported near Houston, US affecting Fusion Logistics."
EVT0490,logistics_failure,SUP175,"Bengaluru, IN",2026-08-31,0.692,6,manual_entry,"Weather reported near Bengaluru, IN affecting Quantum Systems."
EVT0491,raw_material_shortage,SUP062,"Houston, US",2026-09-12,0.25,3,news_feed,"Logistics Failure reported near Houston, US affecting Quantum Manufacturing."
EVT0492,factory_fire,SUP174,"Perth, AU",2026-09-09,0.793,7,weather_service,"Geopolitical reported near Perth, AU affecting Fusion Works."
EVT0493,factory_fire,SUP160,"Bengaluru, IN",2026-08-24,0.22,1,news_feed,"Weather reported near Bengaluru, IN affecting Vertex Logistics."
EVT0494,raw_material_shortage,SUP135,"Pune, IN",2026-08-16,0.342,3,weather_service,"Raw Material Shortage reported near Pune, IN affecting Nova Materials."
EVT0495,logistics_failure,SUP109,"Guadalajara, MX",2026-09-25,0.161,2,supplier_api,"Logistics Failure reported near Guadalajara, MX affecting Delta Electronics."
EVT0496,raw_material_shortage,SUP067,"Taipei, TW",2026-08-21,0.145,1,customs_alert,"Factory Fire reported near Taipei, TW affecting Orion Components."
EVT0497,logistics_failure,SUP047,"Sao Paulo, BR",2026-08-24,0.758,7,customs_alert,"Raw Material Shortage reported near Sao Paulo, BR affecting Alpha Supply Co."
EVT0498,factory_fire,SUP122,"Ho Chi Minh, VN",2026-09-18,0.19,2,weather_service,"Port Strike reported near Ho Chi Minh, VN affecting Gamma Logistics."
EVT0499,factory_fire,SUP096,"Shanghai, CN",2026-08-21,0.594,9,news_feed,"Raw Material Shortage reported near Shanghai, CN affecting Prime Materials."
EVT0500,factory_fire,SUP111,"Taipei, TW",2026-09-28,0.279,1,supplier_api,"Customs Delay reported near Taipei, TW affecting Omega Manufacturing."
EVT0501,weather,SUP013,"Hsinchu, TW",2026-09-17,0.324,2,manual_entry,"Weather reported near Hsinchu, TW affecting Gamma Logistics."
EVT0502,raw_material_shortage,SUP176,"Shenzhen, CN",2026-09-21,0.748,10,manual_entry,"Geopolitical reported near Shenzhen, CN affecting Orion Materials."
EVT0503,logistics_failure,SUP197,"Bengaluru, IN",2026-09-22,0.285,7,supplier_api,"Geopolitical reported near Bengaluru, IN affecting Alpha Works."
EVT0504,weather,SUP010,"Pune, IN",2026-08-29,0.198,5,supplier_api,"Geopolitical reported near Pune, IN affecting Alpha Materials."
EVT0505,geopolitical,SUP159,"Hamburg, DE",2026-09-08,0.352,6,news_feed,"Customs Delay reported near Hamburg, DE affecting Atlas Technologies."
EVT0506,logistics_failure,SUP070,"Ho Chi Minh, VN",2026-09-09,0.224,3,manual_entry,"Geopolitical reported near Ho Chi Minh, VN affecting Prime Industries."
EVT0507,geopolitical,SUP112,"Hanoi, VN",2026-09-13,0.32,1,news_feed,"Customs Delay reported near Hanoi, VN affecting Orion Manufacturing."
EVT0508,customs_delay,SUP172,"Monterrey, MX",2026-08-21,0.534,2,weather_service,"Factory Fire reported near Monterrey, MX affecting Beta Industries."
EVT0509,factory_fire,SUP176,"Shenzhen, CN",2026-08-18,0.452,7,manual_entry,"Weather reported near Shenzhen, CN affecting Orion Materials."
EVT0510,raw_material_shortage,SUP066,"Penang, MY",2026-09-27,0.232,7,weather_service,"Customs Delay reported near Penang, MY affecting Sigma Industries."
EVT0511,logistics_failure,SUP139,"Busan, KR",2026-08-26,0.295,3,news_feed,"Labor Dispute reported near Busan, KR affecting Beta Systems."
EVT0512,logistics_failure,SUP092,"Shanghai, CN",2026-09-16,0.672,6,manual_entry,"Raw Material Shortage reported near Shanghai, CN affecting Atlas Industries."
EVT0513,geopolitical,SUP103,"Mumbai, IN",2026-09-23,0.747,8,manual_entry,"Geopolitical reported near Mumbai, IN affecting Theta Technologies."
EVT0514,factory_fire,SUP107,"Shenzhen, CN",2026-09-27,0.382,2,weather_service,"Raw Material Shortage reported near Shenzhen, CN affecting Titan Electronics."
EVT0515,logistics_failure,SUP171,"Shenzhen, CN",2026-08-18,0.612,6,manual_entry,"Weather reported near Shenzhen, CN affecting Vertex Materials."
EVT0516,labor_dispute,SUP110,"Ho Chi Minh, VN",2026-08-17,0.267,5,manual_entry,"Factory Fire reported near Ho Chi Minh, VN affecting Vertex Technologies."
EVT0517,weather,SUP021,"Bengaluru, IN",2026-09-15,0.488,6,weather_service,"Factory Fire reported near Bengaluru, IN affecting Orion Electronics."
EVT0518,customs_delay,SUP067,"Taipei, TW",2026-08-17,0.197,4,weather_service,"Factory Fire reported near Taipei, TW affecting Orion Components."
EVT0519,weather,SUP165,"Houston, US",2026-09-14,0.604,4,weather_service,"Weather reported near Houston, US affecting Kappa Manufacturing."
EVT0520,geopolitical,SUP122,"Ho Chi Minh, VN",2026-08-21,0.596,4,customs_alert,"Weather reported near Ho Chi Minh, VN affecting Gamma Logistics."
EVT0521,geopolitical,SUP022,"Chennai, IN",2026-09-28,0.343,2,customs_alert,"Weather reported near Chennai, IN affecting Zenith Systems."
EVT0522,logistics_failure,SUP100,"Penang, MY",2026-08-28,0.201,1,manual_entry,"Weather reported near Penang, MY affecting Theta Industries."
EVT0523,weather,SUP059,"Sao Paulo, BR",2026-08-19,0.268,2,customs_alert,"Labor Dispute reported near Sao Paulo, BR affecting Nova Supply Co."
EVT0524,weather,SUP140,"Chennai, IN",2026-08-18,0.13,2,supplier_api,"Raw Material Shortage reported near Chennai, IN affecting Vertex Systems."
EVT0525,logistics_failure,SUP079,"Perth, AU",2026-09-05,0.05,1,manual_entry,"Port Strike reported near Perth, AU affecting Orion Industries."
EVT0526,raw_material_shortage,SUP132,"Hsinchu, TW",2026-09-07,0.257,4,news_feed,"Logistics Failure reported near Hsinchu, TW affecting Vertex Industries."
EVT0527,weather,SUP080,"Hamburg, DE",2026-08-31,0.766,5,supplier_api,"Geopolitical reported near Hamburg, DE affecting Sigma Systems."
EVT0528,logistics_failure,SUP171,"Shenzhen, CN",2026-09-04,0.594,8,customs_alert,"Logistics Failure reported near Shenzhen, CN affecting Vertex Materials."
EVT0529,geopolitical,SUP167,"Rotterdam, NL",2026-09-14,0.905,4,customs_alert,"Logistics Failure reported near Rotterdam, NL affecting Prime Systems."
EVT0530,weather,SUP107,"Shenzhen, CN",2026-08-15,0.498,7,news_feed,"Port Strike reported near Shenzhen, CN affecting Titan Electronics."
EVT0531,customs_delay,SUP030,"Taipei, TW",2026-09-01,0.253,1,weather_service,"Port Strike reported near Taipei, TW affecting Quantum Supply Co."
EVT0532,labor_dispute,SUP132,"Hsinchu, TW",2026-08-24,0.269,3,supplier_api,"Labor Dispute reported near Hsinchu, TW affecting Vertex Industries."
EVT0533,weather,SUP116,"Ho Chi Minh, VN",2026-09-04,0.464,2,customs_alert,"Logistics Failure reported near Ho Chi Minh, VN affecting Delta Materials."
EVT0534,factory_fire,SUP080,"Hamburg, DE",2026-09-09,0.367,4,manual_entry,"Factory Fire reported near Hamburg, DE affecting Sigma Systems."
EVT0535,labor_dispute,SUP150,"Sao Paulo, BR",2026-08-18,0.404,2,manual_entry,"Raw Material Shortage reported near Sao Paulo, BR affecting Fusion Works."
EVT0536,port_strike,SUP031,"Mumbai, IN",2026-08-27,0.253,4,customs_alert,"Customs Delay reported near Mumbai, IN affecting Vertex Works."
EVT0537,geopolitical,SUP172,"Monterrey, MX",2026-08-22,0.44,7,news_feed,"Customs Delay reported near Monterrey, MX affecting Beta Industries."
EVT0538,labor_dispute,SUP029,"Mumbai, IN",2026-09-15,0.588,6,news_feed,"Logistics Failure reported near Mumbai, IN affecting Orion Components."
EVT0539,labor_dispute,SUP116,"Ho Chi Minh, VN",2026-09-28,0.247,3,weather_service,"Factory Fire reported near Ho Chi Minh, VN affecting Delta Materials."
EVT0540,logistics_failure,SUP132,"Hsinchu, TW",2026-09-11,0.44,6,news_feed,"Customs Delay reported near Hsinchu, TW affecting Vertex Industries."
EVT0541,customs_delay,SUP123,"Mumbai, IN",2026-09-20,0.11,1,manual_entry,"Raw Material Shortage reported near Mumbai, IN affecting Beta Components."
EVT0542,geopolitical,SUP049,"Bangkok, TH",2026-08-16,0.403,4,supplier_api,"Weather reported near Bangkok, TH affecting Atlas Technologies."
EVT0543,customs_delay,SUP200,"Bangkok, TH",2026-08-29,0.104,1,supplier_api,"Port Strike reported near Bangkok, TH affecting Sigma Technologies."
EVT0544,raw_material_shortage,SUP123,"Mumbai, IN",2026-09-03,0.078,1,manual_entry,"Labor Dispute reported near Mumbai, IN affecting Beta Components."
EVT0545,weather,SUP113,"Guadalajara, MX",2026-09-21,0.38,4,weather_service,"Labor Dispute reported near Guadalajara, MX affecting Nova Systems."
EVT0546,labor_dispute,SUP012,"Hsinchu, TW",2026-09-07,0.458,5,manual_entry,"Labor Dispute reported near Hsinchu, TW affecting Vertex Manufacturing."
EVT0547,factory_fire,SUP018,"Penang, MY",2026-08-19,0.265,5,supplier_api,"Geopolitical reported near Penang, MY affecting Kappa Manufacturing."
EVT0548,port_strike,SUP075,"Chennai, IN",2026-08-28,0.545,7,weather_service,"Weather reported near Chennai, IN affecting Delta Logistics."
EVT0549,weather,SUP082,"Taipei, TW",2026-09-15,0.369,3,supplier_api,"Weather reported near Taipei, TW affecting Nexus Industries."
EVT0550,raw_material_shortage,SUP069,"Taipei, TW",2026-09-01,0.364,4,supplier_api,"Geopolitical reported near Taipei, TW affecting Beta Manufacturing."
EVT0551,logistics_failure,SUP057,"Hamburg, DE",2026-09-21,0.696,6,supplier_api,"Labor Dispute reported near Hamburg, DE affecting Gamma Technologies."
EVT0552,geopolitical,SUP142,"Bengaluru, IN",2026-08-30,0.773,7,customs_alert,"Logistics Failure reported near Bengaluru, IN affecting Alpha Industries."
EVT0553,factory_fire,SUP018,"Penang, MY",2026-09-26,0.295,1,news_feed,"Geopolitical reported near Penang, MY affecting Kappa Manufacturing."
EVT0554,labor_dispute,SUP111,"Taipei, TW",2026-09-12,0.342,2,weather_service,"Logistics Failure reported near Taipei, TW affecting Omega Manufacturing."
EVT0555,logistics_failure,SUP145,"Mumbai, IN",2026-08-15,0.476,5,weather_service,"Port Strike reported near Mumbai, IN affecting Quantum Technologies."
EVT0556,factory_fire,SUP116,"Ho Chi Minh, VN",2026-08-21,0.449,7,customs_alert,"Raw Material Shortage reported near Ho Chi Minh, VN affecting Delta Materials."
EVT0557,factory_fire,SUP189,"Mumbai, IN",2026-09-02,0.556,3,manual_entry,"Geopolitical reported near Mumbai, IN affecting Orion Supply Co."
EVT0558,customs_delay,SUP101,"Bangkok, TH",2026-09-08,0.628,4,customs_alert,"Customs Delay reported near Bangkok, TH affecting Kappa Components."
EVT0559,logistics_failure,SUP081,"Ho Chi Minh, VN",2026-08-18,0.448,6,weather_service,"Raw Material Shortage reported near Ho Chi Minh, VN affecting Fusion Materials."
EVT0560,labor_dispute,SUP086,"Monterrey, MX",2026-08-24,0.394,2,weather_service,"Weather reported near Monterrey, MX affecting Fusion Systems."
EVT0561,logistics_failure,SUP178,"Houston, US",2026-09-04,0.382,2,weather_service,"Port Strike reported near Houston, US affecting Nova Technologies."
EVT0562,port_strike,SUP008,"Busan, KR",2026-09-07,0.064,1,news_feed,"Logistics Failure reported near Busan, KR affecting Sigma Logistics."
EVT0563,port_strike,SUP188,"Hanoi, VN",2026-08-21,0.259,5,news_feed,"Weather reported near Hanoi, VN affecting Nexus Electronics."
EVT0564,logistics_failure,SUP080,"Hamburg, DE",2026-09-03,0.381,2,customs_alert,"Port Strike reported near Hamburg, DE affecting Sigma Systems."
EVT0565,geopolitical,SUP047,"Sao Paulo, BR",2026-09-14,0.677,5,supplier_api,"Weather reported near Sao Paulo, BR affecting Alpha Supply Co."
EVT0566,labor_dispute,SUP100,"Penang, MY",2026-08-24,0.214,1,supplier_api,"Labor Dispute reported near Penang, MY affecting Theta Industries."
EVT0567,factory_fire,SUP047,"Sao Paulo, BR",2026-09-23,0.434,3,weather_service,"Labor Dispute reported near Sao Paulo, BR affecting Alpha Supply Co."
EVT0568,factory_fire,SUP034,"Guadalajara, MX",2026-09-17,0.379,2,weather_service,"Weather reported near Guadalajara, MX affecting Omega Industries."
EVT0569,port_strike,SUP051,"Sao Paulo, BR",2026-09-26,0.434,3,customs_alert,"Labor Dispute reported near Sao Paulo, BR affecting Nova Technologies."
EVT0570,customs_delay,SUP043,"Shenzhen, CN",2026-09-09,0.21,1,customs_alert,"Factory Fire reported near Shenzhen, CN affecting Zenith Technologies."
EVT0571,factory_fire,SUP080,"Hamburg, DE",2026-09-05,0.834,10,news_feed,"Customs Delay reported near Hamburg, DE affecting Sigma Systems."
EVT0572,logistics_failure,SUP196,"Penang, MY",2026-09-25,0.783,8,news_feed,"Weather reported near Penang, MY affecting Fusion Logistics."
EVT0573,customs_delay,SUP195,"Perth, AU",2026-09-16,0.427,6,manual_entry,"Logistics Failure reported near Perth, AU affecting Fusion Components."
EVT0574,port_strike,SUP200,"Bangkok, TH",2026-09-01,0.459,1,news_feed,"Raw Material Shortage reported near Bangkok, TH affecting Sigma Technologies."
EVT0575,factory_fire,SUP125,"Pune, IN",2026-09-25,0.077,1,customs_alert,"Weather reported near Pune, IN affecting Nexus Technologies."
EVT0576,logistics_failure,SUP113,"Guadalajara, MX",2026-08-16,0.563,5,news_feed,"Customs Delay reported near Guadalajara, MX affecting Nova Systems."
EVT0577,geopolitical,SUP023,"Chennai, IN",2026-08-31,0.233,1,news_feed,"Factory Fire reported near Chennai, IN affecting Nova Manufacturing."
EVT0578,factory_fire,SUP130,"Hanoi, VN",2026-09-25,0.488,5,weather_service,"Raw Material Shortage reported near Hanoi, VN affecting Omega Components."
EVT0579,labor_dispute,SUP125,"Pune, IN",2026-09-11,0.923,11,supplier_api,"Geopolitical reported near Pune, IN affecting Nexus Technologies."
EVT0580,weather,SUP126,"Hsinchu, TW",2026-09-07,0.217,4,supplier_api,"Factory Fire reported near Hsinchu, TW affecting Sigma Components."
EVT0581,port_strike,SUP071,"Guadalajara, MX",2026-08-15,0.227,1,manual_entry,"Weather reported near Guadalajara, MX affecting Apex Industries."
EVT0582,logistics_failure,SUP177,"Busan, KR",2026-09-10,0.528,6,weather_service,"Customs Delay reported near Busan, KR affecting Delta Logistics."
EVT0583,weather,SUP082,"Taipei, TW",2026-09-14,0.531,4,customs_alert,"Logistics Failure reported near Taipei, TW affecting Nexus Industries."
EVT0584,customs_delay,SUP149,"Mumbai, IN",2026-09-04,0.394,3,news_feed,"Factory Fire reported near Mumbai, IN affecting Fusion Manufacturing."
EVT0585,weather,SUP127,"Guadalajara, MX",2026-08-17,0.421,2,news_feed,"Geopolitical reported near Guadalajara, MX affecting Gamma Materials."
EVT0586,raw_material_shortage,SUP178,"Houston, US",2026-09-24,0.108,1,customs_alert,"Raw Material Shortage reported near Houston, US affecting Nova Technologies."
EVT0587,weather,SUP034,"Guadalajara, MX",2026-08-18,0.586,8,supplier_api,"Labor Dispute reported near Guadalajara, MX affecting Omega Industries."
EVT0588,factory_fire,SUP134,"Busan, KR",2026-09-16,0.328,1,supplier_api,"Labor Dispute reported near Busan, KR affecting Kappa Materials."
EVT0589,port_strike,SUP055,"Penang, MY",2026-09-05,0.422,3,weather_service,"Customs Delay reported near Penang, MY affecting Beta Industries."
EVT0590,customs_delay,SUP067,"Taipei, TW",2026-08-29,0.615,6,customs_alert,"Labor Dispute reported near Taipei, TW affecting Orion Components."
EVT0591,port_strike,SUP007,"Perth, AU",2026-09-24,0.201,1,supplier_api,"Logistics Failure reported near Perth, AU affecting Alpha Technologies."
EVT0592,geopolitical,SUP107,"Shenzhen, CN",2026-08-28,0.206,1,news_feed,"Customs Delay reported near Shenzhen, CN affecting Titan Electronics."
EVT0593,logistics_failure,SUP049,"Bangkok, TH",2026-08-18,0.661,7,manual_entry,"Factory Fire reported near Bangkok, TH affecting Atlas Technologies."
EVT0594,port_strike,SUP042,"Sao Paulo, BR",2026-09-01,0.841,8,weather_service,"Raw Material Shortage reported near Sao Paulo, BR affecting Kappa Systems."
EVT0595,weather,SUP165,"Houston, US",2026-09-06,0.843,10,customs_alert,"Geopolitical reported near Houston, US affecting Kappa Manufacturing."
EVT0596,raw_material_shortage,SUP029,"Mumbai, IN",2026-08-20,0.76,5,manual_entry,"Weather reported near Mumbai, IN affecting Orion Components."
EVT0597,logistics_failure,SUP133,"Pune, IN",2026-08-30,0.41,9,news_feed,"Port Strike reported near Pune, IN affecting Helios Technologies."
EVT0598,factory_fire,SUP188,"Hanoi, VN",2026-09-09,0.225,2,news_feed,"Labor Dispute reported near Hanoi, VN affecting Nexus Electronics."
EVT0599,customs_delay,SUP178,"Houston, US",2026-08-27,0.296,4,news_feed,"Port Strike reported near Houston, US affecting Nova Technologies."
EVT0600,geopolitical,SUP147,"Ho Chi Minh, VN",2026-09-16,0.364,2,manual_entry,"Labor Dispute reported near Ho Chi Minh, VN affecting Nova Works."
EVT0601,geopolitical,SUP100,"Penang, MY",2026-08-15,0.436,5,customs_alert,"Geopolitical reported near Penang, MY affecting Theta Industries."
EVT0602,factory_fire,SUP135,"Pune, IN",2026-08-21,0.607,4,manual_entry,"Weather reported near Pune, IN affecting Nova Materials."
EVT0603,labor_dispute,SUP083,"Hsinchu, TW",2026-08-22,0.214,1,news_feed,"Labor Dispute reported near Hsinchu, TW affecting Nexus Technologies."
EVT0604,factory_fire,SUP199,"Pune, IN",2026-09-17,0.667,5,manual_entry,"Customs Delay reported near Pune, IN affecting Atlas Logistics."
EVT0605,weather,SUP098,"Taipei, TW",2026-09-27,0.467,1,manual_entry,"Raw Material Shortage reported near Taipei, TW affecting Gamma Works."
EVT0606,geopolitical,SUP100,"Penang, MY",2026-09-02,0.312,4,manual_entry,"Factory Fire reported near Penang, MY affecting Theta Industries."
EVT0607,labor_dispute,SUP009,"Ho Chi Minh, VN",2026-08-16,0.061,1,customs_alert,"Customs Delay reported near Ho Chi Minh, VN affecting Nexus Works."
EVT0608,port_strike,SUP156,"Hsinchu, TW",2026-08-27,0.286,1,supplier_api,"Factory Fire reported near Hsinchu, TW affecting Kappa Manufacturing."
EVT0609,geopolitical,SUP188,"Hanoi, VN",2026-08-16,0.139,1,news_feed,"Logistics Failure reported near Hanoi, VN affecting Nexus Electronics."
EVT0610,port_strike,SUP186,"Sao Paulo, BR",2026-09-18,0.311,5,weather_service,"Weather reported near Sao Paulo, BR affecting Orion Supply Co."
EVT0611,factory_fire,SUP088,"Shenzhen, CN",2026-08-21,0.328,3,news_feed,"Weather reported near Shenzhen, CN affecting Nova Logistics."
EVT0612,port_strike,SUP131,"Chennai, IN",2026-08-24,0.614,6,supplier_api,"Logistics Failure reported near Chennai, IN affecting Helios Components."
EVT0613,raw_material_shortage,SUP087,"Shanghai, CN",2026-09-28,0.232,3,manual_entry,"Labor Dispute reported near Shanghai, CN affecting Vertex Logistics."
EVT0614,weather,SUP080,"Hamburg, DE",2026-09-26,0.057,3,weather_service,"Weather reported near Hamburg, DE affecting Sigma Systems."
EVT0615,labor_dispute,SUP091,"Perth, AU",2026-09-18,0.142,1,news_feed,"Port Strike reported near Perth, AU affecting Apex Materials."
EVT0616,raw_material_shortage,SUP029,"Mumbai, IN",2026-09-27,0.234,3,customs_alert,"Labor Dispute reported near Mumbai, IN affecting Orion Components."
EVT0617,factory_fire,SUP120,"Sao Paulo, BR",2026-08-27,0.411,6,weather_service,"Factory Fire reported near Sao Paulo, BR affecting Vertex Supply Co."
EVT0618,logistics_failure,SUP080,"Hamburg, DE",2026-09-06,0.095,1,customs_alert,"Raw Material Shortage reported near Hamburg, DE affecting Sigma Systems."
EVT0619,port_strike,SUP062,"Houston, US",2026-08-17,0.192,4,customs_alert,"Weather reported near Houston, US affecting Quantum Manufacturing."
EVT0620,raw_material_shortage,SUP160,"Bengaluru, IN",2026-08-19,0.483,6,supplier_api,"Labor Dispute reported near Bengaluru, IN affecting Vertex Logistics."
EVT0621,factory_fire,SUP154,"Chennai, IN",2026-09-04,0.55,2,manual_entry,"Factory Fire reported near Chennai, IN affecting Sigma Industries."
EVT0622,customs_delay,SUP058,"Guadalajara, MX",2026-08-24,0.432,7,manual_entry,"Port Strike reported near Guadalajara, MX affecting Omega Systems."
EVT0623,port_strike,SUP152,"Shanghai, CN",2026-09-06,0.076,1,news_feed,"Customs Delay reported near Shanghai, CN affecting Vertex Supply Co."
EVT0624,port_strike,SUP167,"Rotterdam, NL",2026-09-02,0.357,7,customs_alert,"Raw Material Shortage reported near Rotterdam, NL affecting Prime Systems."
EVT0625,geopolitical,SUP163,"Hanoi, VN",2026-08-18,0.189,1,supplier_api,"Weather reported near Hanoi, VN affecting Alpha Supply Co."
EVT0626,port_strike,SUP149,"Mumbai, IN",2026-09-07,0.7,4,manual_entry,"Geopolitical reported near Mumbai, IN affecting Fusion Manufacturing."
EVT0627,customs_delay,SUP072,"Penang, MY",2026-08-25,0.478,3,weather_service,"Customs Delay reported near Penang, MY affecting Omega Works."
EVT0628,geopolitical,SUP065,"Penang, MY",2026-08-18,0.05,1,weather_service,"Labor Dispute reported near Penang, MY affecting Titan Components."
EVT0629,factory_fire,SUP094,"Shanghai, CN",2026-08-16,0.204,1,manual_entry,"Raw Material Shortage reported near Shanghai, CN affecting Titan Components."
EVT0630,factory_fire,SUP148,"Bangkok, TH",2026-08-21,0.651,4,manual_entry,"Port Strike reported near Bangkok, TH affecting Beta Electronics."
EVT0631,weather,SUP069,"Taipei, TW",2026-08-15,0.139,4,supplier_api,"Port Strike reported near Taipei, TW affecting Beta Manufacturing."
EVT0632,geopolitical,SUP177,"Busan, KR",2026-08-20,0.272,1,news_feed,"Logistics Failure reported near Busan, KR affecting Delta Logistics."
EVT0633,labor_dispute,SUP027,"Guadalajara, MX",2026-09-02,0.587,7,weather_service,"Raw Material Shortage reported near Guadalajara, MX affecting Quantum Supply Co."
EVT0634,factory_fire,SUP034,"Guadalajara, MX",2026-09-01,0.089,3,manual_entry,"Logistics Failure reported near Guadalajara, MX affecting Omega Industries."
EVT0635,port_strike,SUP132,"Hsinchu, TW",2026-08-17,0.534,9,weather_service,"Customs Delay reported near Hsinchu, TW affecting Vertex Industries."
EVT0636,labor_dispute,SUP116,"Ho Chi Minh, VN",2026-09-16,0.631,6,manual_entry,"Labor Dispute reported near Ho Chi Minh, VN affecting Delta Materials."
EVT0637,customs_delay,SUP075,"Chennai, IN",2026-09-24,0.516,3,customs_alert,"Raw Material Shortage reported near Chennai, IN affecting Delta Logistics."
EVT0638,logistics_failure,SUP065,"Penang, MY",2026-08-28,0.122,1,supplier_api,"Customs Delay reported near Penang, MY affecting Titan Components."
EVT0639,weather,SUP052,"Mumbai, IN",2026-08-24,0.263,1,news_feed,"Geopolitical reported near Mumbai, IN affecting Alpha Works."
EVT0640,port_strike,SUP016,"Bengaluru, IN",2026-09-03,0.724,8,supplier_api,"Raw Material Shortage reported near Bengaluru, IN affecting Sigma Electronics."
EVT0641,port_strike,SUP045,"Hanoi, VN",2026-08-24,0.311,3,weather_service,"Port Strike reported near Hanoi, VN affecting Titan Electronics."
EVT0642,geopolitical,SUP191,"Busan, KR",2026-08-29,0.716,9,weather_service,"Factory Fire reported near Busan, KR affecting Omega Materials."
EVT0643,customs_delay,SUP001,"Ho Chi Minh, VN",2026-08-20,0.833,8,manual_entry,"Customs Delay reported near Ho Chi Minh, VN affecting Delta Components."
EVT0644,geopolitical,SUP178,"Houston, US",2026-09-23,0.501,3,customs_alert,"Port Strike reported near Houston, US affecting Nova Technologies."
EVT0645,weather,SUP009,"Ho Chi Minh, VN",2026-08-20,0.463,3,weather_service,"Factory Fire reported near Ho Chi Minh, VN affecting Nexus Works."
EVT0646,port_strike,SUP011,"Hamburg, DE",2026-08-20,0.171,3,supplier_api,"Geopolitical reported near Hamburg, DE affecting Titan Supply Co."
EVT0647,raw_material_shortage,SUP035,"Penang, MY",2026-09-15,0.197,1,customs_alert,"Factory Fire reported near Penang, MY affecting Sigma Supply Co."
EVT0648,factory_fire,SUP177,"Busan, KR",2026-09-03,0.313,6,manual_entry,"Weather reported near Busan, KR affecting Delta Logistics."
EVT0649,geopolitical,SUP015,"Houston, US",2026-09-21,0.188,1,news_feed,"Port Strike reported near Houston, US affecting Zenith Components."
EVT0650,geopolitical,SUP092,"Shanghai, CN",2026-09-14,0.138,3,supplier_api,"Customs Delay reported near Shanghai, CN affecting Atlas Industries."
EVT0651,labor_dispute,SUP096,"Shanghai, CN",2026-09-17,0.827,6,weather_service,"Raw Material Shortage reported near Shanghai, CN affecting Prime Materials."
EVT0652,geopolitical,SUP073,"Monterrey, MX",2026-09-14,0.381,2,weather_service,"Raw Material Shortage reported near Monterrey, MX affecting Apex Industries."
EVT0653,logistics_failure,SUP048,"Hsinchu, TW",2026-08-25,0.441,7,weather_service,"Customs Delay reported near Hsinchu, TW affecting Nova Technologies."
EVT0654,factory_fire,SUP057,"Hamburg, DE",2026-09-13,0.517,3,supplier_api,"Weather reported near Hamburg, DE affecting Gamma Technologies."
EVT0655,factory_fire,SUP128,"Penang, MY",2026-09-14,0.25,4,supplier_api,"Factory Fire reported near Penang, MY affecting Beta Manufacturing."
EVT0656,weather,SUP118,"Hanoi, VN",2026-08-20,0.327,4,customs_alert,"Logistics Failure reported near Hanoi, VN affecting Omega Supply Co."
EVT0657,raw_material_shortage,SUP186,"Sao Paulo, BR",2026-08-19,0.338,4,customs_alert,"Factory Fire reported near Sao Paulo, BR affecting Orion Supply Co."
EVT0658,raw_material_shortage,SUP038,"Taipei, TW",2026-09-16,0.756,7,supplier_api,"Logistics Failure reported near Taipei, TW affecting Prime Systems."
EVT0659,labor_dispute,SUP028,"Shanghai, CN",2026-08-25,0.361,1,customs_alert,"Labor Dispute reported near Shanghai, CN affecting Orion Manufacturing."
EVT0660,factory_fire,SUP188,"Hanoi, VN",2026-09-13,0.2,1,news_feed,"Weather reported near Hanoi, VN affecting Nexus Electronics."
EVT0661,labor_dispute,SUP161,"Penang, MY",2026-09-13,0.556,5,manual_entry,"Port Strike reported near Penang, MY affecting Nova Works."
EVT0662,customs_delay,SUP146,"Ho Chi Minh, VN",2026-09-20,0.418,7,weather_service,"Weather reported near Ho Chi Minh, VN affecting Alpha Electronics."
EVT0663,factory_fire,SUP097,"Rotterdam, NL",2026-09-13,0.332,5,supplier_api,"Raw Material Shortage reported near Rotterdam, NL affecting Prime Electronics."
EVT0664,geopolitical,SUP031,"Mumbai, IN",2026-09-03,0.606,7,manual_entry,"Port Strike reported near Mumbai, IN affecting Vertex Works."
EVT0665,labor_dispute,SUP097,"Rotterdam, NL",2026-09-08,0.364,7,weather_service,"Weather reported near Rotterdam, NL affecting Prime Electronics."
EVT0666,port_strike,SUP167,"Rotterdam, NL",2026-09-16,0.295,2,customs_alert,"Logistics Failure reported near Rotterdam, NL affecting Prime Systems."
EVT0667,customs_delay,SUP040,"Bangkok, TH",2026-09-08,0.774,11,news_feed,"Logistics Failure reported near Bangkok, TH affecting Nova Logistics."
EVT0668,factory_fire,SUP117,"Guadalajara, MX",2026-09-11,0.596,6,supplier_api,"Factory Fire reported near Guadalajara, MX affecting Delta Electronics."
EVT0669,port_strike,SUP136,"Mumbai, IN",2026-08-22,0.165,1,news_feed,"Customs Delay reported near Mumbai, IN affecting Alpha Materials."
EVT0670,weather,SUP057,"Hamburg, DE",2026-08-16,0.151,6,supplier_api,"Geopolitical reported near Hamburg, DE affecting Gamma Technologies."
EVT0671,raw_material_shortage,SUP101,"Bangkok, TH",2026-09-01,0.567,5,news_feed,"Labor Dispute reported near Bangkok, TH affecting Kappa Components."
EVT0672,factory_fire,SUP128,"Penang, MY",2026-09-08,0.376,4,news_feed,"Factory Fire reported near Penang, MY affecting Beta Manufacturing."
EVT0673,customs_delay,SUP030,"Taipei, TW",2026-09-21,0.268,3,customs_alert,"Weather reported near Taipei, TW affecting Quantum Supply Co."
EVT0674,factory_fire,SUP072,"Penang, MY",2026-08-21,0.531,6,weather_service,"Factory Fire reported near Penang, MY affecting Omega Works."
EVT0675,port_strike,SUP080,"Hamburg, DE",2026-08-25,0.191,5,customs_alert,"Port Strike reported near Hamburg, DE affecting Sigma Systems."
EVT0676,weather,SUP162,"Guadalajara, MX",2026-08-26,0.534,5,manual_entry,"Geopolitical reported near Guadalajara, MX affecting Atlas Logistics."
EVT0677,geopolitical,SUP003,"Taipei, TW",2026-08-21,0.622,6,customs_alert,"Port Strike reported near Taipei, TW affecting Delta Technologies."
EVT0678,geopolitical,SUP026,"Houston, US",2026-09-07,0.438,3,customs_alert,"Weather reported near Houston, US affecting Orion Materials."
EVT0679,raw_material_shortage,SUP081,"Ho Chi Minh, VN",2026-08-18,0.222,1,supplier_api,"Weather reported near Ho Chi Minh, VN affecting Fusion Materials."
EVT0680,labor_dispute,SUP120,"Sao Paulo, BR",2026-08-15,0.874,3,weather_service,"Logistics Failure reported near Sao Paulo, BR affecting Vertex Supply Co."
EVT0681,weather,SUP021,"Bengaluru, IN",2026-08-15,0.621,8,news_feed,"Customs Delay reported near Bengaluru, IN affecting Orion Electronics."
EVT0682,labor_dispute,SUP054,"Busan, KR",2026-09-14,0.334,5,customs_alert,"Geopolitical reported near Busan, KR affecting Helios Supply Co."
EVT0683,logistics_failure,SUP004,"Shanghai, CN",2026-08-27,0.699,6,news_feed,"Factory Fire reported near Shanghai, CN affecting Theta Logistics."
EVT0684,labor_dispute,SUP177,"Busan, KR",2026-09-23,0.803,8,customs_alert,"Weather reported near Busan, KR affecting Delta Logistics."
EVT0685,geopolitical,SUP050,"Chennai, IN",2026-08-30,0.306,1,supplier_api,"Customs Delay reported near Chennai, IN affecting Vertex Materials."
EVT0686,port_strike,SUP037,"Hamburg, DE",2026-09-09,0.195,6,customs_alert,"Raw Material Shortage reported near Hamburg, DE affecting Helios Industries."
EVT0687,logistics_failure,SUP068,"Taipei, TW",2026-09-11,0.653,6,manual_entry,"Logistics Failure reported near Taipei, TW affecting Beta Industries."
EVT0688,raw_material_shortage,SUP026,"Houston, US",2026-09-11,0.476,4,manual_entry,"Raw Material Shortage reported near Houston, US affecting Orion Materials."
EVT0689,geopolitical,SUP189,"Mumbai, IN",2026-09-03,0.833,7,weather_service,"Weather reported near Mumbai, IN affecting Orion Supply Co."
EVT0690,port_strike,SUP185,"Ho Chi Minh, VN",2026-09-02,0.268,1,weather_service,"Customs Delay reported near Ho Chi Minh, VN affecting Apex Systems."
EVT0691,port_strike,SUP082,"Taipei, TW",2026-09-20,0.803,9,weather_service,"Port Strike reported near Taipei, TW affecting Nexus Industries."
EVT0692,logistics_failure,SUP029,"Mumbai, IN",2026-08-26,0.637,7,manual_entry,"Raw Material Shortage reported near Mumbai, IN affecting Orion Components."
EVT0693,customs_delay,SUP194,"Houston, US",2026-09-21,0.436,5,supplier_api,"Factory Fire reported near Houston, US affecting Titan Technologies."
