product_id,name,category,unit_price,unit_cost,safety_stock,reorder_point,lead_time_days,supplier_id
P001,CoreDrive Sensor,Fasteners,3864.73,2317.53,217,281,14,SUP052
P002,HeatSink Unit,Machinery,31536.34,18059.07,86,254,26,SUP099
P003,VoltPack Kit,Metals,23354.74,17065.72,433,446,12,SUP093
P004,CoreDrive Housing,Fasteners,22094.85,12052.83,421,343,14,SUP052
P005,GridLock Module,Textiles,30640.0,16936.05,170,715,20,SUP117
P006,FlexMount Housing,Electronics,37643.08,19889.54,432,707,12,SUP014
P007,MicroGear Kit,Chemicals,36316.21,17686.65,363,576,15,SUP079
P008,TorqueArm Unit,Fasteners,30584.61,15466.73,121,716,4,SUP011
P009,HeatSink Unit,Fasteners,28821.23,21730.18,421,190,17,SUP147
P010,VoltPack Kit,Fasteners,16648.89,8454.83,122,672,8,SUP106
P011,GridLock Housing,Electronics,36448.46,20748.01,52,300,26,SUP099
P012,SensePad Actuator,Chemicals,33673.97,15425.07,334,281,10,SUP078
P013,SignalBox Assembly,Fasteners,28303.43,15847.5,400,174,3,SUP102
P014,RailKit Assembly,Electronics,33936.46,18989.26,483,339,14,SUP167
P015,AeroFin Panel,Machinery,33821.82,15813.27,96,756,25,SUP061
P016,FlexMount Panel,Metals,23383.13,17180.17,185,595,19,SUP068
P017,SignalBox Sensor,Packaging,3341.21,1831.85,205,534,9,SUP108
P018,TorqueArm Module,Textiles,2704.24,1297.38,488,778,25,SUP061
P019,HeatSink Actuator,Machinery,26510.53,18707.89,391,117,25,SUP061
P020,FlowValve Panel,Textiles,1134.88,713.2,269,639,12,SUP109
P021,SensePad Unit,Fasteners,29035.67,17066.63,173,797,12,SUP014
P022,LinkNode Sensor,Plastics,18269.09,10707.17,123,656,4,SUP011
P023,GridLock Sensor,Chemicals,25962.66,17323.54,87,576,12,SUP093
P024,SensePad Controller,Machinery,25283.25,16354.68,477,205,18,SUP127
P025,AeroFin Assembly,Packaging,23339.55,10859.37,238,546,19,SUP007
P026,FlowValve Unit,Metals,15468.09,10000.1,492,386,14,SUP052
P027,GridLock Kit,Metals,33576.03,22280.65,145,121,17,SUP185
P028,LinkNode Housing,Textiles,26570.71,16284.33,438,431,24,SUP077
P029,RailKit Controller,Plastics,35373.56,24113.3,440,643,8,SUP106
P030,FlexMount Unit,Chemicals,39627.86,19233.98,392,538,19,SUP068
P031,FlowValve Actuator,Plastics,4535.76,3412.21,464,531,13,SUP083
P032,VoltPack Sensor,Machinery,34437.82,19867.55,102,187,19,SUP007
P033,FlowValve Controller,Fasteners,28890.83,17122.77,140,444,9,SUP172
P034,LinkNode Unit,Chemicals,3199.16,1754.14,171,658,15,SUP079
P035,VoltPack Unit,Textiles,13408.29,7842.49,55,150,19,SUP013
P036,SignalBox Housing,Metals,17101.12,9873.94,320,304,19,SUP101
P037,FlowValve Actuator,Metals,35997.59,17355.68,400,127,17,SUP147
P038,TorqueArm Actuator,Metals,16804.17,12050.86,158,790,5,SUP118
P039,SensePad Sensor,Textiles,6454.65,3690.48,328,591,19,SUP007
P040,LinkNode Kit,Plastics,18334.04,14008.35,196,462,17,SUP147
P041,FlexMount Unit,Metals,3779.27,2339.29,64,155,4,SUP011
P042,FlexMount Actuator,Packaging,14171.02,9983.5,305,582,13,SUP083
P043,PowerCell Unit,Machinery,29554.91,19967.71,125,173,9,SUP172
P044,LinkNode Housing,Textiles,30794.13,15907.47,64,755,3,SUP102
P045,FlexMount Unit,Textiles,2594.0,1451.46,369,709,8,SUP106
P046,PowerCell Assembly,Packaging,36040.75,17828.23,202,670,19,SUP068
P047,LinkNode Controller,Packaging,4521.33,2147.56,296,672,13,SUP083
P048,LinkNode Controller,Electronics,21335.99,11353.64,286,612,10,SUP078
P049,RailKit Kit,Packaging,2959.24,2185.04,161,211,12,SUP093
P050,SignalBox Sensor,Fasteners,32534.21,21728.69,489,335,25,SUP061
P051,AeroFin Controller,Textiles,9391.11,4670.5,346,448,15,SUP182
P052,FlowValve Sensor,Machinery,27071.81,13902.36,152,797,10,SUP020
P053,SensePad Module,Electronics,45768.37,24276.53,139,576,19,SUP101
P054,LinkNode Sensor,Fasteners,2591.13,1951.76,165,423,10,SUP078
P055,AeroFin Bracket,Chemicals,42297.96,21641.85,384,397,16,SUP200
P056,FlowValve Bracket,Electronics,14251.77,8722.36,494,128,14,SUP065
P057,CoreDrive Module,Textiles,39349.77,21611.16,247,607,18,SUP127
P058,FlexMount Unit,Fasteners,25457.01,12203.27,455,395,19,SUP007
P059,RailKit Panel,Plastics,12855.75,7013.06,460,247,19,SUP101
P060,GridLock Actuator,Chemicals,29099.39,15574.46,379,192,4,SUP011
P061,FlowValve Sensor,Textiles,37853.53,17871.21,130,266,6,SUP197
P062,AeroFin Housing,Chemicals,35390.69,24192.49,434,444,10,SUP078
P063,LinkNode Housing,Electronics,13087.58,6281.01,250,460,9,SUP172
P064,HeatSink Bracket,Plastics,16596.93,9051.28,123,373,19,SUP068
P065,SignalBox Unit,Textiles,36995.48,24143.44,345,327,20,SUP117
P066,SignalBox Bracket,Packaging,27359.14,19297.08,486,417,6,SUP197
P067,PowerCell Module,Fasteners,8202.99,6004.47,126,463,26,SUP099
P068,CoreDrive Controller,Chemicals,17393.9,8501.44,243,274,3,SUP102
P069,FlowValve Housing,Machinery,29874.91,15430.46,125,217,15,SUP079
P070,LinkNode Controller,Plastics,2106.1,1073.03,348,432,16,SUP200
P071,LinkNode Kit,Machinery,42619.73,21045.71,313,707,9,SUP108
P072,FlexMount Unit,Textiles,7364.02,5257.28,171,139,8,SUP106
P073,GridLock Housing,Plastics,28509.63,13303.95,67,185,13,SUP074
P074,TorqueArm Bracket,Plastics,24296.01,11350.69,192,455,14,SUP167
P075,SignalBox Module,Textiles,1711.98,1194.26,493,775,5,SUP118
P076,AeroFin Module,Fasteners,621.52,288.19,337,707,16,SUP200
P077,SmartHub Module,Textiles,20133.9,11413.54,269,566,12,SUP093
P078,HeatSink Housing,Textiles,4803.83,3620.13,188,593,6,SUP197
P079,FlowValve Bracket,Machinery,9832.83,5158.64,486,165,18,SUP127
P080,VoltPack Kit,Chemicals,28553.14,16802.14,440,224,8,SUP106
P081,LinkNode Actuator,Machinery,35534.13,17297.41,475,578,14,SUP052
P082,FlowValve Bracket,Electronics,23132.33,12463.12,441,499,15,SUP182
P083,MicroGear Panel,Metals,1961.67,917.59,360,573,26,SUP099
P084,HeatSink Kit,Electronics,10412.45,5500.51,227,555,3,SUP102
P085,FlexMount Unit,Electronics,5302.44,2802.47,499,133,13,SUP074
P086,GridLock Kit,Electronics,40548.11,24335.43,441,647,20,SUP117
P087,GridLock Module,Machinery,27878.87,14190.58,445,382,25,SUP061
P088,RailKit Sensor,Textiles,15691.08,8254.84,413,633,12,SUP109
P089,CoreDrive Housing,Chemicals,33669.81,19899.12,418,184,26,SUP099
P090,SignalBox Sensor,Fasteners,17794.07,13633.39,196,356,15,SUP182
P091,FlowValve Assembly,Chemicals,19191.68,9964.94,224,414,26,SUP099
P092,SensePad Assembly,Fasteners,9883.32,6041.42,152,151,25,SUP061
P093,AeroFin Module,Metals,28695.23,15091.7,328,424,19,SUP013
P094,TorqueArm Sensor,Textiles,19855.33,9559.62,283,435,5,SUP080
P095,SignalBox Panel,Electronics,1286.07,800.23,221,379,19,SUP013
P096,FlowValve Bracket,Metals,25841.96,14515.98,323,635,10,SUP078
P097,LinkNode Assembly,Fasteners,39460.26,20274.39,479,112,15,SUP079
P098,GridLock Panel,Electronics,6544.97,5008.37,341,728,14,SUP167
P099,SignalBox Actuator,Machinery,13207.86,6188.29,77,754,17,SUP185
P100,TorqueArm Controller,Plastics,12330.96,8863.04,268,279,5,SUP080
P101,RailKit Assembly,Machinery,11370.24,7212.05,411,477,14,SUP065
P102,SignalBox Sensor,Electronics,14546.38,7865.88,372,290,24,SUP077
P103,PowerCell Kit,Packaging,14653.41,10394.72,131,576,3,SUP166
P104,MicroGear Kit,Machinery,8249.37,4653.7,369,174,12,SUP093
P105,MicroGear Sensor,Fasteners,21735.66,14197.9,483,438,12,SUP093
P106,SmartHub Housing,Plastics,36086.15,20101.42,69,543,10,SUP078
P107,VoltPack Module,Textiles,43638.72,23698.01,418,718,10,SUP078
P108,RailKit Controller,Chemicals,8657.8,5807.33,324,387,3,SUP166
P109,FlexMount Unit,Fasteners,44182.0,20939.13,209,265,15,SUP079
P110,FlowValve Bracket,Packaging,30128.78,19471.52,420,396,28,SUP026
P111,FlowValve Kit,Textiles,23114.27,16677.18,330,416,6,SUP197
P112,TorqueArm Sensor,Machinery,21296.79,14675.17,381,703,12,SUP093
P113,PowerCell Sensor,Packaging,7660.99,5526.84,60,549,20,SUP117
P114,TorqueArm Unit,Packaging,27206.31,15181.86,154,373,5,SUP118
P115,AeroFin Bracket,Textiles,25978.85,14869.78,494,195,18,SUP127
P116,GridLock Panel,Metals,28884.59,17359.71,242,602,13,SUP083
P117,MicroGear Actuator,Textiles,37907.9,17292.72,107,172,28,SUP026
P118,AeroFin Controller,Textiles,32918.79,18081.8,173,155,13,SUP074
P119,VoltPack Kit,Machinery,4808.71,2284.67,136,326,28,SUP026
P120,AeroFin Module,Machinery,9347.93,5772.12,81,463,18,SUP127
P121,RailKit Sensor,Metals,3714.02,1838.33,155,478,18,SUP127
P122,SensePad Actuator,Chemicals,41362.68,21933.88,289,327,18,SUP125
P123,FlowValve Assembly,Plastics,15986.02,8402.47,497,563,15,SUP182
P124,VoltPack Unit,Chemicals,27332.24,13962.22,259,142,12,SUP014
P125,PowerCell Panel,Electronics,30425.73,14073.85,128,583,19,SUP068
P126,SensePad Sensor,Chemicals,9153.41,5135.89,93,415,15,SUP079
P127,TorqueArm Module,Machinery,30432.1,18868.94,349,656,15,SUP182
P128,SmartHub Module,Metals,34906.43,23098.82,229,206,24,SUP077
P129,AeroFin Bracket,Machinery,52747.3,24714.09,292,689,17,SUP185
P130,FlexMount Actuator,Machinery,24291.56,13051.37,90,628,28,SUP026
P131,SmartHub Module,Chemicals,6794.24,3324.87,401,596,14,SUP052
P132,AeroFin Module,Fasteners,1667.8,1060.39,168,352,18,SUP125
P133,FlowValve Kit,Metals,5001.86,2333.76,299,313,10,SUP078
P134,HeatSink Panel,Fasteners,16999.18,9984.94,320,460,10,SUP078
P135,AeroFin Assembly,Chemicals,40023.32,22906.24,496,695,12,SUP014
P136,SensePad Sensor,Electronics,11378.74,5323.3,102,672,9,SUP108
P137,HeatSink Bracket,Plastics,20024.61,9580.34,440,664,8,SUP106
P138,SignalBox Kit,Plastics,31022.37,19706.61,86,382,19,SUP068
P139,VoltPack Bracket,Chemicals,8583.61,4457.96,205,782,14,SUP065
P140,FlexMount Bracket,Machinery,32684.12,16019.8,109,703,5,SUP080
P141,CoreDrive Kit,Electronics,39963.89,22989.48,322,635,10,SUP020
P142,SmartHub Assembly,Electronics,7868.68,4490.46,229,202,19,SUP013
P143,LinkNode Assembly,Metals,12601.52,9256.6,61,194,26,SUP099
P144,TorqueArm Module,Plastics,43047.75,23987.69,484,402,9,SUP108
P145,RailKit Panel,Packaging,13830.85,7878.46,247,173,3,SUP166
P146,CoreDrive Module,Fasteners,23935.16,16016.2,328,555,3,SUP166
P147,HeatSink Panel,Plastics,5320.82,3926.18,401,421,20,SUP117
P148,FlowValve Housing,Packaging,3522.75,1604.62,76,586,24,SUP077
P149,PowerCell Sensor,Textiles,37118.33,24496.31,114,184,13,SUP074
P150,FlowValve Kit,Electronics,10664.64,7667.21,361,143,10,SUP020
P151,MicroGear Sensor,Textiles,28047.36,12766.05,416,530,14,SUP052
P152,SignalBox Actuator,Packaging,14409.7,7740.88,287,398,25,SUP061
P153,FlexMount Sensor,Metals,7130.89,3398.99,252,236,28,SUP026
P154,HeatSink Kit,Chemicals,15492.97,9262.16,422,613,12,SUP093
P155,VoltPack Kit,Machinery,25142.75,19193.99,237,436,18,SUP125
P156,AeroFin Kit,Plastics,982.73,640.7,392,195,9,SUP172
P157,TorqueArm Sensor,Fasteners,20024.83,13406.36,55,268,17,SUP147
P158,PowerCell Panel,Metals,49126.21,24303.26,481,441,15,SUP182
P159,HeatSink Kit,Textiles,5164.71,2880.22,254,691,3,SUP102
P160,SmartHub Panel,Textiles,4508.52,2591.97,117,327,5,SUP118
P161,SmartHub Housing,Electronics,31809.41,18403.79,219,376,15,SUP182
P162,MicroGear Housing,Machinery,23135.04,11529.96,451,768,19,SUP101
P163,AeroFin Kit,Plastics,31090.14,19629.27,359,406,25,SUP061
P164,HeatSink Assembly,Plastics,13297.15,6465.02,67,731,5,SUP118
P165,SignalBox Unit,Textiles,21695.25,11580.18,346,726,19,SUP007
P166,SignalBox Module,Fasteners,29480.2,15913.39,79,462,17,SUP185
P167,MicroGear Controller,Textiles,7619.67,3880.28,280,576,17,SUP147
P168,GridLock Sensor,Electronics,1647.09,1196.74,372,150,8,SUP106
P169,HeatSink Assembly,Packaging,2528.01,1928.46,480,616,9,SUP108
P170,FlexMount Kit,Metals,13950.45,8903.32,207,642,19,SUP013
P171,VoltPack Panel,Packaging,24235.85,16524.34,128,168,18,SUP125
P172,PowerCell Module,Metals,32796.82,16497.93,169,114,3,SUP102
P173,RailKit Actuator,Textiles,4772.95,2198.43,182,638,19,SUP101
P174,AeroFin Module,Textiles,25669.44,15616.43,142,184,9,SUP172
P175,MicroGear Sensor,Textiles,30711.95,15377.73,339,471,17,SUP147
P176,VoltPack Assembly,Fasteners,2613.83,1203.62,409,304,3,SUP102
P177,FlowValve Bracket,Packaging,44945.77,24404.59,312,623,5,SUP080
P178,GridLock Unit,Chemicals,38278.56,20244.31,107,336,10,SUP020
P179,AeroFin Actuator,Metals,34731.63,23121.22,217,402,14,SUP167
P180,FlexMount Panel,Electronics,20431.5,11034.24,474,268,15,SUP182
P181,LinkNode Actuator,Fasteners,4686.19,3171.22,449,552,8,SUP106
P182,FlowValve Assembly,Textiles,14723.87,7237.62,437,692,9,SUP108
P183,HeatSink Panel,Metals,34960.64,22894.73,389,422,17,SUP185
P184,FlexMount Unit,Machinery,41052.81,20991.99,399,559,10,SUP020
P185,SmartHub Housing,Metals,8154.98,4554.52,493,756,17,SUP185
P186,MicroGear Housing,Plastics,1787.04,1233.86,109,608,5,SUP080
P187,SignalBox Bracket,Machinery,30429.77,20393.1,277,688,28,SUP026
P188,MicroGear Kit,Chemicals,32704.75,18291.11,315,455,5,SUP118
P189,FlexMount Module,Electronics,13610.12,7525.56,359,711,14,SUP065
P190,SmartHub Kit,Machinery,31569.65,15904.03,122,423,19,SUP007
P191,FlexMount Bracket,Plastics,603.95,396.81,376,794,13,SUP074
P192,MicroGear Actuator,Packaging,4351.18,2619.07,410,242,15,SUP079
P193,TorqueArm Sensor,Metals,27231.84,13895.47,327,231,25,SUP061
P194,SignalBox Actuator,Chemicals,17960.64,8956.08,299,103,17,SUP147
P195,HeatSink Module,Chemicals,25288.31,18988.35,385,241,3,SUP102
P196,SignalBox Bracket,Machinery,38924.04,23862.99,197,204,17,SUP185
P197,HeatSink Panel,Textiles,16137.02,7724.81,498,357,28,SUP026
P198,SmartHub Assembly,Plastics,21959.25,11261.94,448,515,26,SUP099
P199,FlowValve Sensor,Plastics,16462.89,9850.0,363,102,4,SUP011
P200,AeroFin Assembly,Fasteners,25094.42,15490.92,407,165,9,SUP108
P201,SignalBox Assembly,Metals,25498.55,14714.59,339,145,14,SUP065
P202,SmartHub Panel,Textiles,26197.81,14511.32,302,522,15,SUP182
P203,PowerCell Bracket,Machinery,34209.35,16897.76,171,677,10,SUP020
P204,FlexMount Unit,Electronics,17103.02,12489.86,76,333,6,SUP197
P205,SmartHub Assembly,Plastics,37924.06,19579.64,404,462,14,SUP052
P206,CoreDrive Housing,Plastics,15836.97,11053.88,197,403,12,SUP014
P207,FlexMount Actuator,Plastics,3532.74,2357.44,319,614,24,SUP077
P208,HeatSink Unit,Plastics,53193.62,24859.13,339,394,8,SUP106
P209,SensePad Module,Electronics,31915.1,15901.21,103,386,3,SUP102
P210,LinkNode Module,Packaging,34451.88,20937.67,307,511,5,SUP080
P211,RailKit Kit,Packaging,7689.15,4728.84,200,118,10,SUP078
P212,FlexMount Controller,Packaging,1565.81,764.36,172,462,8,SUP106
P213,SmartHub Assembly,Plastics,16216.96,7554.68,166,400,24,SUP077
P214,HeatSink Assembly,Electronics,44760.19,21752.11,133,661,18,SUP127
P215,CoreDrive Kit,Electronics,19946.63,11498.79,110,156,28,SUP026
P216,CoreDrive Panel,Fasteners,31741.11,18170.85,246,610,5,SUP080
P217,VoltPack Bracket,Machinery,27561.92,19100.2,324,194,12,SUP014
P218,FlowValve Assembly,Fasteners,35462.08,18750.51,480,148,19,SUP013
P219,FlowValve Actuator,Plastics,2450.9,1577.19,167,272,25,SUP061
P220,HeatSink Controller,Textiles,34427.26,22581.3,172,631,12,SUP093
P221,FlowValve Controller,Electronics,22568.9,11289.87,79,441,18,SUP127
P222,FlowValve Panel,Chemicals,1352.86,997.4,457,197,14,SUP052
P223,SignalBox Bracket,Machinery,22269.08,13334.89,206,729,16,SUP200
P224,VoltPack Sensor,Fasteners,1339.15,705.78,483,492,18,SUP127
P225,MicroGear Bracket,Metals,31436.19,23337.37,238,282,14,SUP167
P226,HeatSink Module,Fasteners,39825.62,18242.13,165,557,6,SUP197
P227,CoreDrive Kit,Metals,9162.91,5065.75,258,780,8,SUP106
P228,TorqueArm Housing,Textiles,24569.2,15217.31,101,205,6,SUP197
P229,FlowValve Actuator,Chemicals,8756.95,5738.99,432,492,25,SUP061
P230,FlexMount Bracket,Plastics,18399.33,13111.55,437,605,16,SUP200
P231,TorqueArm Sensor,Plastics,3563.61,1839.71,294,157,14,SUP167
P232,TorqueArm Assembly,Machinery,19969.4,11501.61,124,761,20,SUP117
P233,TorqueArm Panel,Fasteners,40304.57,21189.29,258,388,20,SUP117
P234,SensePad Panel,Metals,29132.71,16267.18,78,458,14,SUP052
P235,SignalBox Kit,Metals,34457.51,20111.59,73,650,18,SUP127
P236,CoreDrive Sensor,Fasteners,7888.39,5146.53,124,331,19,SUP068
P237,FlexMount Bracket,Fasteners,33375.57,18883.49,142,714,20,SUP117
P238,TorqueArm Bracket,Metals,45674.06,21921.58,157,415,26,SUP099
P239,GridLock Module,Electronics,48930.19,24528.73,62,145,19,SUP007
P240,HeatSink Actuator,Metals,24658.85,11640.88,292,448,19,SUP101
P241,SignalBox Bracket,Chemicals,5247.41,2774.79,419,366,28,SUP026
P242,SensePad Panel,Electronics,41951.32,19349.98,141,466,19,SUP013
P243,LinkNode Housing,Textiles,14634.76,7268.07,309,544,10,SUP020
P244,SensePad Bracket,Plastics,32964.5,19901.61,461,473,4,SUP011
P245,CoreDrive Sensor,Plastics,7845.57,4072.85,406,321,12,SUP093
P246,AeroFin Bracket,Metals,45203.5,21367.47,174,788,5,SUP080
P247,AeroFin Actuator,Metals,5403.23,3646.36,132,725,20,SUP117
P248,FlexMount Kit,Plastics,23492.17,16349.27,248,530,20,SUP117
P249,GridLock Panel,Electronics,4670.85,2230.4,411,453,16,SUP200
P250,HeatSink Kit,Electronics,40369.3,24086.91,492,567,6,SUP197
P251,CoreDrive Kit,Textiles,22992.58,15863.96,446,399,18,SUP127
P252,MicroGear Assembly,Metals,5479.7,4178.68,301,469,3,SUP166
P253,SmartHub Module,Packaging,37734.96,17958.49,85,612,18,SUP127
P254,HeatSink Panel,Fasteners,9950.33,4801.45,418,478,19,SUP013
P255,CoreDrive Controller,Fasteners,28070.07,17733.15,262,675,16,SUP200
P256,VoltPack Actuator,Plastics,18694.52,11525.47,272,679,13,SUP083
P257,TorqueArm Panel,Machinery,12316.71,8457.04,370,678,6,SUP197
P258,SensePad Module,Metals,4024.94,2655.17,113,343,14,SUP065
P259,LinkNode Assembly,Fasteners,22315.39,11304.98,343,534,26,SUP099
P260,MicroGear Controller,Packaging,18272.22,8881.64,262,785,6,SUP197
P261,CoreDrive Housing,Electronics,22407.4,15850.87,354,327,6,SUP197
P262,SignalBox Bracket,Textiles,23358.49,17141.62,128,699,6,SUP197
P263,FlowValve Panel,Machinery,11878.68,5785.06,175,550,9,SUP108
P264,HeatSink Sensor,Chemicals,30533.89,17335.12,187,248,12,SUP014
P265,LinkNode Unit,Fasteners,1552.95,986.91,343,756,6,SUP197
P266,SensePad Panel,Fasteners,43199.83,21714.37,404,565,12,SUP109
P267,LinkNode Housing,Machinery,13977.08,6603.94,351,492,6,SUP197
P268,RailKit Kit,Electronics,4955.9,2911.21,257,705,5,SUP118
P269,PowerCell Panel,Electronics,22478.66,13686.8,489,177,8,SUP106
P270,SmartHub Unit,Textiles,14204.07,10617.31,382,742,6,SUP197
P271,PowerCell Module,Textiles,14699.14,7092.44,181,737,13,SUP074
P272,LinkNode Assembly,Fasteners,38088.36,18814.49,58,773,13,SUP074
P273,SmartHub Sensor,Chemicals,28556.55,18139.48,423,297,15,SUP182
P274,CoreDrive Module,Chemicals,30482.53,21752.69,366,478,16,SUP200
P275,RailKit Unit,Metals,3875.73,2553.68,55,428,5,SUP118
P276,FlexMount Panel,Electronics,14004.92,7617.49,183,309,19,SUP068
P277,TorqueArm Controller,Machinery,24916.25,18548.14,456,696,6,SUP197
P278,MicroGear Bracket,Metals,30595.82,16683.48,451,229,19,SUP101
P279,HeatSink Panel,Chemicals,3211.8,2119.22,407,124,14,SUP167
P280,VoltPack Panel,Textiles,32018.63,14581.14,435,465,25,SUP061
P281,FlexMount Panel,Electronics,3564.12,1740.09,319,180,10,SUP078
P282,SensePad Module,Machinery,5270.11,2487.47,351,680,14,SUP167
P283,AeroFin Assembly,Fasteners,39751.72,21906.66,282,401,26,SUP099
P284,TorqueArm Bracket,Plastics,13538.16,8005.36,398,521,6,SUP197
P285,TorqueArm Housing,Chemicals,37789.53,22241.67,323,541,10,SUP078
P286,RailKit Bracket,Chemicals,28601.09,14801.04,156,458,15,SUP182
P287,AeroFin Kit,Metals,4516.62,2743.9,269,556,13,SUP083
P288,PowerCell Assembly,Packaging,43578.52,23676.44,384,454,12,SUP093
P289,FlexMount Actuator,Fasteners,21616.75,15849.93,164,353,10,SUP020
P290,RailKit Actuator,Plastics,15895.4,11852.65,113,293,12,SUP093
P291,MicroGear Assembly,Metals,38670.17,24195.89,266,237,10,SUP020
P292,VoltPack Module,Plastics,23713.13,15273.03,143,461,17,SUP147
P293,FlexMount Module,Textiles,394.92,302.18,148,125,12,SUP014
P294,PowerCell Module,Packaging,4554.77,2837.91,411,500,13,SUP083
P295,GridLock Bracket,Packaging,20093.44,12846.32,469,377,15,SUP182
P296,GridLock Sensor,Machinery,4304.71,2320.15,101,341,10,SUP020
P297,GridLock Housing,Machinery,26536.44,12716.33,272,591,15,SUP079
P298,SignalBox Housing,Metals,35064.67,24722.33,173,376,9,SUP108
P299,AeroFin Assembly,Packaging,17700.31,10599.5,458,599,5,SUP118
P300,FlowValve Bracket,Machinery,23995.27,15201.93,420,768,4,SUP011
